gene,pos,base,total_reads,=,A,C,G,T,N
nsp4,31,g,2473,0,0,0,2473,0,0
nsp4,32,a,2541,0,2541,0,0,0,0
nsp4,33,a,2606,0,2606,0,0,0,0
nsp4,34,t,2655,0,0,3,0,2652,0
nsp4,35,a,2677,0,2575,0,101,0,0
nsp4,36,c,2701,0,6,2642,0,3,0
nsp4,37,t,2725,0,3,31,1,2679,0
nsp4,38,g,2735,0,6,2,2719,5,0
nsp4,39,a,2745,0,2733,1,7,1,0
nsp4,40,c,2760,0,1,2706,0,15,0
nsp4,41,t,2763,0,0,46,1,2709,0
nsp4,42,a,2765,0,2729,6,2,1,0
nsp4,43,a,2765,0,2743,3,14,4,0
nsp4,44,c,2767,0,8,2620,7,53,0
nsp4,45,c,2763,0,35,2615,7,27,0
nsp4,46,g,2685,0,170,6,2158,10,0
nsp4,47,g,2534,0,94,1,2428,9,0
nsp4,48,g,2674,0,149,3,2373,147,0
nsp4,49,g,2763,0,114,15,2541,83,0
nsp4,50,t,2754,0,99,216,142,2217,0
nsp4,51,a,2743,0,1975,47,490,62,0
nsp4,52,g,2752,0,605,3,1923,15,0
nsp4,53,g,2742,0,65,10,2425,239,0
nsp4,54,t,2744,0,22,21,14,2680,0
nsp4,55,g,2769,0,73,3,2606,15,0
nsp4,56,g,2764,0,41,3,2704,16,0
nsp4,57,g,2769,0,9,2,2660,96,0
nsp4,58,t,2772,0,16,68,3,2662,0
nsp4,59,a,2749,0,2574,4,47,78,0
nsp4,60,c,2728,0,2,2624,14,83,0
nsp4,61,a,2770,0,2712,5,13,12,0
nsp4,62,t,2761,0,1,9,1,2749,0
nsp4,63,a,2776,0,2760,6,5,2,0
nsp4,64,t,2776,0,0,7,1,2612,0
nsp4,65,t,2772,0,0,4,2,2766,0
nsp4,66,t,2778,0,3,3,2,2763,0
nsp4,67,t,2771,0,1,16,0,2753,0
nsp4,68,c,2771,0,5,2731,1,16,0
nsp4,69,g,2771,0,37,2,2712,2,0
nsp4,70,a,2769,0,2666,0,58,16,0
nsp4,71,c,2763,0,3,2677,3,68,0
nsp4,72,g,2770,0,84,2,2612,41,0
nsp4,73,g,2767,0,7,2,2723,24,0
nsp4,74,a,2763,0,2535,8,14,50,0
nsp4,75,c,2636,0,6,2447,15,136,0
nsp4,76,a,2747,0,2236,62,58,200,0
nsp4,77,c,2732,0,14,2274,111,318,0
nsp4,78,a,2728,0,2281,7,227,177,0
nsp4,79,g,2746,0,83,2,2485,58,0
nsp4,80,g,2714,0,94,16,2496,91,0
nsp4,81,c,2709,0,93,2310,53,101,0
nsp4,82,c,2706,0,74,2515,31,65,0
nsp4,83,c,2719,0,575,2014,25,25,0
nsp4,84,t,2646,0,50,633,21,1764,0
nsp4,85,g,2666,0,352,47,2083,17,0
nsp4,86,g,2737,0,81,15,2624,5,0
nsp4,87,g,2758,0,23,6,2710,5,0
nsp4,88,c,2746,0,16,2644,2,48,0
nsp4,89,a,2724,0,2377,1,225,8,0
nsp4,90,c,2685,0,5,2595,5,37,0
nsp4,91,t,2656,0,14,39,8,2365,0
nsp4,92,t,2561,0,11,31,17,2465,0
nsp4,93,g,2701,0,163,46,2372,19,0
nsp4,94,c,2667,0,18,2500,51,62,0
nsp4,95,a,2696,0,1604,79,21,86,0
nsp4,96,a,2620,0,2492,51,17,20,0
nsp4,97,a,2695,0,2500,16,26,6,0
nsp4,98,a,2572,0,2439,20,44,5,0
nsp4,99,g,2525,0,60,2,2395,2,0
nsp4,100,a,2774,0,2617,6,23,9,0
nsp4,101,a,2769,0,2732,1,16,5,0
nsp4,102,g,2762,0,50,0,2659,8,0
nsp4,103,t,2760,0,8,2,1,2740,0
nsp4,104,c,2772,0,4,2583,11,13,0
nsp4,105,c,2765,0,41,2693,16,11,0
nsp4,106,g,2775,0,50,5,2714,2,0
nsp4,107,t,2777,0,8,14,7,2719,0
nsp4,108,t,2770,0,2,26,2,2735,0
nsp4,109,c,2775,0,5,2737,4,17,0
nsp4,110,t,2773,0,21,19,10,2662,0
nsp4,111,g,2753,0,48,45,2625,0,0
nsp4,112,c,2752,0,5,2620,12,36,0
nsp4,113,a,2728,0,2563,10,100,19,0
nsp4,114,g,2774,0,22,5,2738,3,0
nsp4,115,a,2780,0,2687,3,31,2,0
nsp4,116,a,2773,0,2665,3,66,10,0
nsp4,117,c,2750,0,32,2592,24,30,0
nsp4,118,c,2774,0,36,2661,8,58,0
nsp4,119,a,2770,0,2690,2,52,10,0
nsp4,120,g,2768,0,263,6,2466,1,0
nsp4,121,c,2749,0,3,2716,1,12,0
nsp4,122,t,2744,0,11,24,4,2353,0
nsp4,123,t,2503,0,10,70,15,2399,0
nsp4,124,a,2746,0,2616,16,47,7,0
nsp4,125,c,2727,0,2,2600,19,88,0
nsp4,126,a,2774,0,2677,9,30,22,0
nsp4,127,g,2783,0,26,0,2743,1,0
nsp4,128,a,2784,0,2719,0,30,1,0
nsp4,129,a,2781,0,2732,10,21,8,0
nsp4,130,c,2774,0,9,2680,7,27,0
nsp4,131,c,2778,0,45,2572,5,155,0
nsp4,132,g,2781,0,55,3,2700,5,0
nsp4,133,a,2783,0,2743,0,22,5,0
nsp4,134,c,2776,0,12,2692,10,12,0
nsp4,135,c,2765,0,61,2515,11,11,0
nsp4,136,t,2611,0,29,39,58,2399,0
nsp4,137,t,2601,0,23,91,10,2455,0
nsp4,138,g,2760,0,33,9,2562,20,0
nsp4,139,g,2781,0,20,16,2734,4,0
nsp4,140,a,2777,0,2043,8,108,1,0
nsp4,141,g,2764,0,5,47,2675,2,0
nsp4,142,c,2741,0,8,2688,6,25,0
nsp4,143,g,2778,0,49,12,2656,18,0
nsp4,144,c,2781,0,13,2715,6,27,0
nsp4,145,a,2767,0,2681,4,11,42,0
nsp4,146,a,2757,0,2694,6,48,2,0
nsp4,147,t,2778,0,5,13,1,2745,0
nsp4,148,g,2772,0,37,14,2711,3,0
nsp4,149,t,2781,0,9,21,3,2729,0
nsp4,150,t,2776,0,11,21,2,2729,0
nsp4,151,c,2771,0,5,2750,0,6,0
nsp4,152,t,2786,0,7,17,6,2726,0
nsp4,153,g,2782,0,9,2,2653,6,0
nsp4,154,g,2783,0,16,3,2736,1,0
nsp4,155,a,2759,0,2367,3,15,1,0
nsp4,156,a,2765,0,2748,1,7,3,0
nsp4,157,a,2774,0,2723,4,14,4,0
nsp4,158,g,2752,0,43,5,2670,1,0
nsp4,159,a,2784,0,2630,17,19,5,0
nsp4,160,a,2777,0,2729,7,26,8,0
nsp4,161,t,2778,0,3,33,2,2729,0
nsp4,162,c,2778,0,4,2658,2,20,0
nsp4,163,t,2711,0,9,52,9,2533,0
nsp4,164,a,2687,0,2553,15,49,12,0
nsp4,165,c,2747,0,4,2630,1,54,0
nsp4,166,g,2732,0,13,17,2657,17,0
nsp4,167,c,2766,0,13,1843,18,32,0
nsp4,168,c,2619,0,5,2543,7,58,0
nsp4,169,c,2695,0,18,2577,16,82,0
nsp4,170,c,2773,0,29,2570,37,129,0
nsp4,171,g,2771,0,196,2,2541,18,0
nsp4,172,g,2779,0,39,2,2653,84,0
nsp4,173,t,2785,0,11,8,1,2761,0
nsp4,174,g,2784,0,66,8,2646,25,0
nsp4,175,c,2778,0,37,2673,7,15,0
nsp4,176,t,2779,0,6,12,6,2742,0
nsp4,177,c,2783,0,20,2721,3,14,0
nsp4,178,g,2780,0,57,7,2689,7,0
nsp4,179,a,2784,0,2461,9,27,17,0
nsp4,180,c,2522,0,14,2450,8,44,0
nsp4,181,a,2782,0,2660,40,57,6,0
nsp4,182,c,2786,0,8,2725,0,24,0
nsp4,183,g,2761,0,52,4,2697,3,0
nsp4,184,t,2782,0,5,19,3,2751,0
nsp4,185,c,2786,0,1,2750,1,16,0
nsp4,186,g,2785,0,67,21,2639,5,0
nsp4,187,a,2742,0,1646,1,75,1,0
nsp4,188,a,2729,0,2628,1,13,0,0
nsp4,189,a,2680,0,2563,1,43,2,0
nsp4,190,g,2620,0,42,0,2540,2,0
nsp4,191,a,2736,0,2687,0,10,2,0
nsp4,192,g,2735,0,65,8,2503,4,0
nsp4,193,g,2779,0,12,5,2736,3,0
nsp4,194,a,2761,0,2651,1,20,3,0
nsp4,195,a,2769,0,2701,10,49,7,0
nsp4,196,c,2781,0,30,2673,8,46,0
nsp4,197,a,2776,0,2621,2,52,13,0
nsp4,198,g,2778,0,105,3,2630,6,0
nsp4,199,c,2763,0,13,2633,5,61,0
nsp4,200,t,2772,0,12,22,7,2706,0
nsp4,201,c,2787,0,5,2740,4,25,0
nsp4,202,a,2783,0,2692,16,6,3,0
nsp4,203,a,2784,0,2759,2,17,3,0
nsp4,204,a,2782,0,2708,6,63,2,0
nsp4,205,c,2782,0,3,2767,0,2,0
nsp4,206,t,2783,0,1,15,2,2731,0
nsp4,207,c,2784,0,1,2746,8,7,0
nsp4,208,a,2778,0,2478,16,206,17,0
nsp4,209,g,2772,0,22,1,2671,26,0
nsp4,210,g,2781,0,13,3,2723,39,0
nsp4,211,t,2782,0,8,43,4,2710,0
nsp4,212,a,2774,0,2567,5,115,29,0
nsp4,213,c,2771,0,12,2571,44,30,0
nsp4,214,c,2774,0,11,2723,6,25,0
nsp4,215,a,2775,0,2671,6,60,12,0
nsp4,216,g,2777,0,18,1,2743,1,0
nsp4,217,a,2773,0,2728,0,21,11,0
nsp4,218,t,2771,0,3,17,0,2746,0
nsp4,219,g,2781,0,50,4,2706,9,0
nsp4,220,a,2776,0,2698,0,54,11,0
nsp4,221,t,2778,0,7,5,7,2743,0
nsp4,222,g,2775,0,71,4,2623,22,0
nsp4,223,c,2744,0,21,2459,7,25,0
nsp4,224,c,2740,0,24,2560,8,72,0
nsp4,225,c,2688,0,3,2543,5,101,0
nsp4,226,a,2665,0,2569,6,37,17,0
nsp4,227,c,2775,0,15,2498,41,13,0
nsp4,228,c,2741,0,78,2430,9,174,0
nsp4,229,g,2711,0,64,4,2549,7,0
nsp4,230,a,2739,0,2659,4,15,14,0
nsp4,231,a,2755,0,2693,5,18,6,0
nsp4,232,g,2746,0,127,13,2543,9,0
nsp4,233,c,2757,0,39,2636,10,21,0
nsp4,234,c,2765,0,7,2647,1,102,0
nsp4,235,a,2767,0,2725,2,12,4,0
nsp4,236,a,2758,0,2534,6,210,7,0
nsp4,237,c,2769,0,11,2710,7,30,0
nsp4,238,a,2770,0,1985,18,13,14,0
nsp4,239,a,2584,0,2559,5,9,8,0
nsp4,240,a,2762,0,2745,3,2,3,0
nsp4,241,a,2768,0,2735,8,12,4,0
nsp4,242,g,2761,0,33,2,2719,1,0
nsp4,243,c,2774,0,6,2747,3,9,0
nsp4,244,a,2776,0,2378,4,289,6,0
nsp4,245,g,2765,0,89,2,2576,17,0
nsp4,246,g,2771,0,29,2,2680,55,0
nsp4,247,t,2773,0,14,20,1,2731,0
nsp4,248,a,2779,0,2640,3,65,29,0
nsp4,249,c,2771,0,19,2612,36,22,0
nsp4,250,c,2774,0,14,2718,16,26,0
nsp4,251,a,2781,0,2645,6,115,5,0
nsp4,252,g,2781,0,20,0,2738,10,0
nsp4,253,t,2779,0,10,1,11,2754,0
nsp4,254,c,2778,0,2,2211,4,17,0
nsp4,255,c,2764,0,20,2685,14,5,0
nsp4,256,a,2731,0,2630,5,11,10,0
nsp4,257,g,2760,0,13,2,2735,2,0
nsp4,258,a,2763,0,2436,2,11,4,0
nsp4,259,a,2741,0,2733,0,7,1,0
nsp4,260,a,2761,0,2667,6,83,3,0
nsp4,261,a,2774,0,2752,4,8,4,0
nsp4,262,g,2771,0,62,1,2629,16,0
nsp4,263,t,2767,0,6,33,7,2699,0
nsp4,264,a,2773,0,2527,16,10,6,0
nsp4,265,g,2750,0,22,1,2715,3,0
nsp4,266,a,2760,0,2576,5,21,3,0
nsp4,267,a,2767,0,2756,2,7,2,0
nsp4,268,a,2774,0,2762,1,6,1,0
nsp4,269,a,2775,0,2761,5,6,1,0
nsp4,270,t,2775,0,3,6,2,2761,0
nsp4,271,c,2777,0,7,2750,1,1,0
nsp4,272,a,2768,0,2131,8,9,4,0
nsp4,273,g,2544,0,17,1,2512,0,0
nsp4,274,a,2590,0,2508,5,8,7,0
nsp4,275,a,2737,0,2715,1,11,6,0
nsp4,276,a,2770,0,2742,9,11,3,0
nsp4,277,g,2772,0,35,5,2703,2,0
nsp4,278,c,2763,0,5,2717,2,20,0
nsp4,279,c,2774,0,3,2694,9,62,0
nsp4,280,a,2776,0,2671,19,35,7,0
nsp4,281,t,2741,0,1,85,2,2648,0
nsp4,282,a,2762,0,2724,14,8,4,0
nsp4,283,a,2778,0,2718,5,41,8,0
nsp4,284,c,2776,0,3,2721,6,13,0
nsp4,285,c,2780,0,5,2738,0,27,0
nsp4,286,a,2774,0,2650,9,99,6,0
nsp4,287,c,2781,0,3,2702,1,26,0
nsp4,288,t,2777,0,44,47,6,2649,0
nsp4,289,g,2783,0,19,7,2747,2,0
nsp4,290,a,2782,0,2630,1,58,2,0
nsp4,291,g,2780,0,37,3,2672,4,0
nsp4,292,c,2778,0,3,2722,0,48,0
nsp4,293,g,2778,0,38,3,2707,3,0
nsp4,294,a,2776,0,2668,0,77,16,0
nsp4,295,c,2770,0,2,2692,1,59,0
nsp4,296,t,2768,0,14,62,6,2642,0
nsp4,297,g,2765,0,51,6,2687,15,0
nsp4,298,c,2778,0,6,2726,8,22,0
nsp4,299,t,2773,0,10,9,4,2639,0
nsp4,300,t,2711,0,15,14,5,2651,0
nsp4,301,t,2747,0,10,18,15,2691,0
nsp4,302,c,2743,0,5,2661,14,7,0
nsp4,303,a,2735,0,2552,16,123,16,0
nsp4,304,g,2767,0,19,2,2581,4,0
nsp4,305,g,2763,0,55,5,2685,11,0
nsp4,306,g,2773,0,90,9,2647,22,0
nsp4,307,c,2772,0,35,2697,2,28,0
nsp4,308,t,2773,0,9,39,7,2691,0
nsp4,309,a,2774,0,2550,17,31,13,0
nsp4,310,c,2633,0,4,2579,1,35,0
nsp4,311,g,2774,0,29,6,2704,3,0
nsp4,312,a,2776,0,2727,2,15,19,0
nsp4,313,c,2777,0,3,2710,4,42,0
nsp4,314,t,2783,0,33,58,7,2607,0
nsp4,315,g,2734,0,49,15,2622,32,0
nsp4,316,t,2770,0,17,124,8,2570,0
nsp4,317,a,2737,0,2659,24,36,6,0
nsp4,318,t,2776,0,4,54,7,2700,0
nsp4,319,a,2778,0,2725,20,10,5,0
nsp4,320,a,2778,0,2665,7,69,11,0
nsp4,321,c,2758,0,4,2693,2,30,0
nsp4,322,t,2770,0,4,58,5,2676,0
nsp4,323,c,2779,0,4,2713,0,38,0
nsp4,324,t,2774,0,8,81,1,2580,0
nsp4,325,g,2766,0,130,11,2557,7,0
nsp4,326,c,2728,0,23,2613,3,3,0
nsp4,327,c,2714,0,6,2557,2,85,0
nsp4,328,a,2688,0,2499,10,70,78,0
nsp4,329,c,2776,0,4,2643,80,22,0
nsp4,330,a,2776,0,2679,3,53,27,0
nsp4,331,g,2778,0,26,4,2679,1,0
nsp4,332,a,2782,0,2767,0,9,0,0
nsp4,333,t,2783,0,1,2,0,2777,0
nsp4,334,c,2783,0,8,2743,3,7,0
nsp4,335,a,2769,0,2646,7,68,7,0
nsp4,336,g,2773,0,69,9,2645,6,0
nsp4,337,c,2758,0,27,2596,21,34,0
nsp4,338,c,2763,0,20,2663,30,47,0
nsp4,339,a,2776,0,2659,12,48,22,0
nsp4,340,g,2773,0,20,1,2729,6,0
nsp4,341,a,2776,0,2693,2,20,3,0
nsp4,342,a,2762,0,2708,16,24,3,0
nsp4,343,t,2766,0,4,17,7,2729,0
nsp4,344,g,2768,0,40,4,2687,8,0
nsp4,345,c,2767,0,15,2687,0,21,0
nsp4,346,t,2776,0,3,54,5,2673,0
nsp4,347,a,2749,0,2627,26,66,14,0
nsp4,348,t,2764,0,5,46,12,2692,0
nsp4,349,a,2767,0,2359,63,135,3,0
nsp4,350,a,2769,0,2693,14,52,9,0
nsp4,351,g,2775,0,42,0,2632,1,0
nsp4,352,a,2780,0,2768,1,4,0,0
nsp4,353,t,2779,0,0,2,0,2773,0
nsp4,354,c,2778,0,1,2683,0,0,0
nsp4,355,a,2698,0,2559,26,57,14,0
nsp4,356,c,2743,0,16,2575,14,39,0
nsp4,357,c,2762,0,2,2660,3,85,0
nsp4,358,t,2755,0,5,44,7,2609,0
nsp4,359,a,2769,0,2488,8,75,11,0
nsp4,360,c,2628,0,12,2124,44,33,0
nsp4,361,c,2645,0,25,2438,142,36,0
nsp4,362,c,2767,0,41,2579,34,92,0
nsp4,363,g,2753,0,27,3,2698,1,0
nsp4,364,a,2760,0,2668,8,20,3,0
nsp4,365,a,2751,0,2726,4,13,1,0
nsp4,366,a,2770,0,2699,7,47,4,0
nsp4,367,c,2761,0,11,2663,22,23,0
nsp4,368,c,2774,0,13,2717,2,38,0
nsp4,369,a,2774,0,2730,11,20,2,0
nsp4,370,t,2770,0,2,7,7,2741,0
nsp4,371,c,2775,0,21,2722,2,6,0
nsp4,372,g,2775,0,79,7,2638,19,0
nsp4,373,t,2756,0,9,51,4,2683,0
nsp4,374,a,2774,0,2696,5,66,3,0
nsp4,375,t,2777,0,5,10,9,2740,0
nsp4,376,t,2771,0,4,10,1,2752,0
nsp4,377,c,2774,0,4,2492,1,35,0
nsp4,378,c,2765,0,19,2711,2,14,0
nsp4,379,a,2753,0,2633,1,101,9,0
nsp4,380,g,2758,0,102,11,2630,3,0
nsp4,381,c,2776,0,9,2745,3,10,0
nsp4,382,a,2774,0,2486,2,255,8,0
nsp4,383,g,2773,0,48,2,2647,29,0
nsp4,384,t,2732,0,7,13,2,2695,0
nsp4,385,g,2771,0,49,2,2688,21,0
nsp4,386,t,2773,0,12,26,4,2704,0
nsp4,387,a,2753,0,2654,4,56,12,0
nsp4,388,c,2768,0,19,2636,20,28,0
nsp4,389,c,2766,0,11,2686,6,56,0
nsp4,390,g,2769,0,91,1,2626,7,0
nsp4,391,g,2772,0,110,9,2646,3,0
nsp4,392,c,2776,0,10,2708,13,38,0
nsp4,393,g,2778,0,53,5,2657,6,0
nsp4,394,a,2767,0,2651,3,59,7,0
nsp4,395,a,2764,0,2686,7,52,10,0
nsp4,396,c,2764,0,10,2644,15,41,0
nsp4,397,t,2773,0,3,34,4,2704,0
nsp4,398,a,2767,0,2487,10,44,198,0
nsp4,399,c,2773,0,6,2651,4,24,0
nsp4,400,t,2735,0,9,2,6,2682,0
nsp4,401,c,2756,0,15,2653,6,30,0
nsp4,402,t,2777,0,17,35,12,2597,0
nsp4,403,g,2755,0,12,6,2709,11,0
nsp4,404,a,2771,0,2702,4,25,5,0
nsp4,405,c,2751,0,9,2494,7,27,0
nsp4,406,c,2737,0,4,2632,3,88,0
nsp4,407,c,2756,0,36,2475,6,182,0
nsp4,408,a,2711,0,2505,7,26,20,0
nsp4,409,a,2707,0,2679,1,16,10,0
nsp4,410,a,2765,0,2715,0,39,9,0
nsp4,411,g,2777,0,12,1,2734,19,0
nsp4,412,t,2774,0,5,16,19,2668,0
nsp4,413,t,2770,0,4,8,1,2755,0
nsp4,414,t,2775,0,4,14,6,2731,0
nsp4,415,g,2760,0,64,4,2650,8,0
nsp4,416,c,2753,0,24,2679,1,34,0
nsp4,417,t,2778,0,57,64,9,2562,0
nsp4,418,g,2732,0,36,9,2670,6,0
nsp4,419,t,2755,0,9,152,2,2531,0
nsp4,420,a,2721,0,2486,17,199,2,0
nsp4,421,g,2774,0,33,4,2710,4,0
nsp4,422,c,2764,0,20,2720,1,13,0
nsp4,423,t,2779,0,8,24,7,2714,0
nsp4,424,g,2772,0,44,4,2702,16,0
nsp4,425,t,2774,0,11,50,3,2530,0
nsp4,426,t,2763,0,9,21,3,2729,0
nsp4,427,t,2773,0,12,33,14,2712,0
nsp4,428,g,2778,0,178,59,2416,13,0
nsp4,429,c,2714,0,22,2587,2,57,0
nsp4,430,a,2721,0,2594,22,47,12,0
nsp4,431,a,2741,0,2218,10,485,25,0
nsp4,432,c,2770,0,2,2642,3,119,0
nsp4,433,a,2772,0,2711,8,5,10,0
nsp4,434,a,2763,0,2679,9,58,8,0
nsp4,435,c,2765,0,5,2624,6,19,0
nsp4,436,t,2774,0,4,41,4,2703,0
nsp4,437,a,2771,0,2736,22,2,3,0
nsp4,438,t,2775,0,5,4,3,2757,0
nsp4,439,c,2776,0,2,2734,0,12,0
nsp4,440,t,2758,0,19,28,7,2675,0
nsp4,441,g,2747,0,33,24,2666,3,0
nsp4,442,c,2767,0,8,2669,4,52,0
nsp4,443,a,2749,0,2507,32,129,4,0
nsp4,444,t,2727,0,17,81,9,2585,0
nsp4,445,g,2764,0,45,21,2568,4,0
nsp4,446,a,2706,0,2643,18,21,7,0
nsp4,447,g,2741,0,120,13,2346,2,0
nsp4,448,a,2768,0,2635,2,36,4,0
nsp4,449,a,2727,0,2691,1,28,3,0
nsp4,450,t,2730,0,8,14,79,2608,0
nsp4,451,t,2773,0,3,30,9,2725,0
nsp4,452,a,2770,0,2540,10,138,15,0
nsp4,453,c,2761,0,17,2521,60,28,0
nsp4,454,c,2758,0,11,2709,11,21,0
nsp4,455,c,2768,0,21,2589,10,147,0
nsp4,456,g,2771,0,25,1,2737,4,0
nsp4,457,a,2779,0,2710,2,45,8,0
nsp4,458,c,2780,0,1,2741,2,30,0
nsp4,459,g,2776,0,116,4,2608,16,0
nsp4,460,g,2766,0,61,2,2677,13,0
nsp4,461,t,2758,0,4,46,3,2694,0
nsp4,462,a,2761,0,2620,9,82,6,0
nsp4,463,g,2751,0,39,4,2687,3,0
nsp4,464,c,2746,0,4,2683,9,35,0
nsp4,465,a,2774,0,2751,1,10,0,0
nsp4,466,t,2770,0,5,4,3,2746,0
nsp4,467,c,2771,0,5,2739,3,2,0
nsp4,468,t,2773,0,12,14,13,2639,0
nsp4,469,t,2755,0,3,44,4,2698,0
nsp4,470,a,2774,0,2695,9,61,1,0
nsp4,471,t,2774,0,4,4,2,2759,0
nsp4,472,c,2774,0,3,2737,10,2,0
nsp4,473,a,2768,0,2617,2,109,6,0
nsp4,474,g,2768,0,34,0,2720,2,0
nsp4,475,a,2777,0,2763,1,7,2,0
nsp4,476,t,2777,0,0,2,2,2769,0
nsp4,477,c,2777,0,1,2725,2,3,0
nsp4,478,a,2755,0,2614,4,61,35,0
nsp4,479,c,2768,0,19,2658,35,37,0
nsp4,480,c,2775,0,36,2650,3,80,0
nsp4,481,g,2773,0,62,3,2683,6,0
nsp4,482,a,2771,0,2655,4,75,23,0
nsp4,483,c,2769,0,13,2678,13,52,0
nsp4,484,g,2767,0,136,25,2248,14,0
nsp4,485,a,2770,0,2633,5,80,2,0
nsp4,486,g,2773,0,55,5,2532,127,0
nsp4,487,t,2772,0,17,38,12,2698,0
nsp4,488,a,2774,0,2594,22,45,31,0
nsp4,489,c,2707,0,4,2592,1,103,0
nsp4,490,g,2774,0,22,1,2732,6,0
nsp4,491,a,2776,0,2706,3,35,11,0
nsp4,492,t,2773,0,2,13,3,2727,0
nsp4,493,g,2756,0,95,12,2551,9,0
nsp4,494,c,2742,0,7,2600,3,29,0
nsp4,495,t,2673,0,9,28,5,2457,0
nsp4,496,t,2632,0,16,44,27,2533,0
nsp4,497,a,2658,0,2320,41,273,7,0
nsp4,498,c,2751,0,4,2688,10,10,0
nsp4,499,t,2736,0,12,45,58,2364,0
nsp4,500,t,2616,0,9,123,7,2459,0
nsp4,501,g,2753,0,45,18,2388,29,0
nsp4,502,g,2772,0,62,9,2700,0,0
nsp4,503,a,2773,0,2687,6,8,7,0
nsp4,504,t,2714,0,1,10,10,2687,0
nsp4,505,a,2773,0,2733,8,31,0,0
nsp4,506,t,2775,0,3,18,6,2722,0
nsp4,507,g,2753,0,354,4,2370,4,0
nsp4,508,g,2760,0,29,3,2699,27,0
nsp4,509,t,2774,0,4,29,7,2728,0
nsp4,510,a,2777,0,2580,0,101,11,0
nsp4,511,g,2774,0,79,1,2687,3,0
nsp4,512,a,2776,0,2656,11,58,10,0
nsp4,513,c,2772,0,10,2689,5,55,0
nsp4,514,g,2775,0,569,16,1946,22,0
nsp4,515,g,2770,0,7,3,2747,12,0
nsp4,516,g,2777,0,14,1,2748,9,0
nsp4,517,a,2773,0,2729,12,7,21,0
nsp4,518,c,2773,0,3,2718,9,29,0
nsp4,519,a,2767,0,2500,3,235,15,0
nsp4,520,g,2771,0,92,0,2650,12,0
nsp4,521,t,2770,0,6,22,0,2737,0
nsp4,522,c,2770,0,18,2691,2,7,0
nsp4,523,g,2750,0,143,15,2530,2,0
nsp4,524,c,2768,0,14,2679,5,41,0
nsp4,525,t,2759,0,16,11,4,2505,0
nsp4,526,t,2596,0,24,28,5,2539,0
nsp4,527,g,2753,0,77,18,2598,23,0
nsp4,528,c,2754,0,36,2543,14,17,0
nsp4,529,c,2753,0,25,2663,7,54,0
nsp4,530,t,2772,0,17,257,5,2458,0
nsp4,531,a,2768,0,2295,18,326,17,0
nsp4,532,g,2769,0,311,5,2436,5,0
nsp4,533,a,2774,0,2727,12,17,5,0
nsp4,534,t,2770,0,16,25,8,2614,0
nsp4,535,a,2725,0,2409,8,233,30,0
nsp4,536,c,2726,0,8,2610,2,19,0
nsp4,537,t,2753,0,14,83,6,2555,0
nsp4,538,g,2729,0,89,15,2594,7,0
nsp4,539,c,2748,0,7,2696,2,13,0
nsp4,540,a,2731,0,2607,12,46,6,0
nsp4,541,a,2724,0,2512,12,188,0,0
nsp4,542,c,2739,0,22,2687,7,4,0
nsp4,543,t,2728,0,8,48,6,1361,0
nsp4,544,t,2506,0,2,30,3,2471,0
nsp4,545,t,2694,0,4,12,1,2676,0
nsp4,546,t,2728,0,10,5,3,2707,0
nsp4,547,t,2736,0,3,18,26,2673,0
nsp4,548,g,2744,0,23,18,2663,8,0
nsp4,549,c,2726,0,16,2123,7,6,0
nsp4,550,c,2611,0,8,2564,4,10,0
nsp4,551,c,2705,0,19,2610,32,19,0
nsp4,552,c,2704,0,14,2533,4,54,0
nsp4,553,g,2618,0,31,14,2480,32,0
nsp4,554,c,2763,0,156,2493,9,59,0
nsp4,555,c,2754,0,26,2460,13,206,0
nsp4,556,a,2720,0,2548,7,11,13,0
nsp4,557,a,2669,0,2578,7,26,52,0
nsp4,558,g,2772,0,173,5,2540,1,0
nsp4,559,c,2759,0,4,2648,0,99,0
nsp4,560,t,2761,0,11,13,12,2065,0
nsp4,561,t,2171,0,22,50,16,2074,0
nsp4,562,a,2564,0,2251,14,14,13,0
nsp4,563,g,2476,0,31,14,2294,4,0
nsp4,564,a,2696,0,2501,15,48,23,0
nsp4,565,a,2748,0,2676,5,57,0,0
nsp4,566,g,2767,0,47,0,2663,11,0
nsp4,567,t,2774,0,6,27,20,2669,0
nsp4,568,t,2769,0,1,16,1,2718,0
nsp4,569,a,2743,0,2298,2,119,3,0
nsp4,570,c,2461,0,3,2233,34,10,0
nsp4,571,c,2652,0,5,2286,306,23,0
nsp4,572,c,2735,0,14,2605,15,74,0
nsp4,573,g,2720,0,19,4,2652,2,0
nsp4,574,a,2691,0,1720,3,26,2,0
nsp4,575,a,2641,0,2614,1,9,2,0
nsp4,576,a,2665,0,2624,13,24,0,0
nsp4,577,a,2750,0,2684,3,51,8,0
nsp4,578,g,2757,0,18,6,2700,10,0
nsp4,579,a,2776,0,2661,25,35,7,0
nsp4,580,c,2740,0,4,2686,11,27,0
nsp4,581,a,2772,0,2669,9,42,13,0
nsp4,582,c,2763,0,6,2681,8,56,0
nsp4,583,g,2759,0,24,8,2220,15,0
nsp4,584,a,2774,0,2495,4,44,10,0
nsp4,585,g,2771,0,11,0,2672,23,0
nsp4,586,t,2770,0,15,58,3,2640,0
nsp4,587,a,2744,0,2679,9,37,3,0
nsp4,588,t,2768,0,0,39,12,2708,0
nsp4,589,a,2769,0,2543,17,70,6,0
nsp4,590,g,2772,0,41,4,2706,0,0
nsp4,591,a,2772,0,2625,0,46,2,0
nsp4,592,g,2774,0,35,14,2632,10,0
nsp4,593,c,2744,0,26,2359,30,42,0
nsp4,594,c,2674,0,8,2593,5,64,0
nsp4,595,c,2741,0,25,2563,8,142,0
nsp4,596,c,2769,0,15,2628,26,88,0
nsp4,597,a,2763,0,2628,23,14,41,0
nsp4,598,a,2774,0,2692,0,79,0,0
nsp4,599,a,2776,0,2642,20,103,6,0
nsp4,600,c,2774,0,3,2749,5,11,0
nsp4,601,a,2774,0,2739,3,22,1,0
nsp4,602,t,2774,0,2,4,3,2754,0
nsp4,603,c,2775,0,1,2644,2,5,0
nsp4,604,c,2772,0,33,2700,4,22,0
nsp4,605,g,2768,0,79,99,2571,10,0
nsp4,606,c,2779,0,15,2704,2,22,0
nsp4,607,a,2749,0,2464,2,265,4,0
nsp4,608,g,2777,0,16,0,2708,37,0
nsp4,609,t,2766,0,3,5,17,2727,0
nsp4,610,g,2775,0,18,6,2693,6,0
nsp4,611,c,2726,0,6,2635,3,60,0
nsp4,612,g,2776,0,275,12,2450,12,0
nsp4,613,g,2780,0,26,0,2699,55,0
nsp4,614,t,2781,0,24,3,1,2740,0
nsp4,615,t,2781,0,9,10,1,2754,0
nsp4,616,c,2775,0,1,2544,3,36,0
nsp4,617,c,2776,0,33,2723,4,16,0
nsp4,618,a,2783,0,2732,3,40,3,0
nsp4,619,t,2782,0,5,23,3,2746,0
nsp4,620,c,2782,0,11,2727,3,13,0
nsp4,621,a,2775,0,2683,6,25,4,0
nsp4,622,g,2777,0,626,20,2094,6,0
nsp4,623,c,2774,0,4,2726,1,37,0
nsp4,624,g,2779,0,17,0,2747,2,0
nsp4,625,a,2779,0,2736,1,4,7,0
nsp4,626,t,2779,0,0,5,3,2759,0
nsp4,627,g,2773,0,69,11,2637,1,0
nsp4,628,c,2732,0,13,2664,14,8,0
nsp4,629,a,2738,0,2599,2,68,19,0
nsp4,630,g,2773,0,15,2,2745,0,0
nsp4,631,a,2781,0,2658,3,44,3,0
nsp4,632,a,2765,0,2454,8,57,9,0
nsp4,633,c,2536,0,1,2469,22,32,0
nsp4,634,a,2781,0,2704,6,59,4,0
nsp4,635,c,2781,0,6,2727,4,22,0
nsp4,636,g,2767,0,26,1,2725,7,0
nsp4,637,t,2774,0,7,85,15,2643,0
nsp4,638,t,2773,0,4,25,6,2737,0
nsp4,639,g,2781,0,93,113,2503,14,0
nsp4,640,c,2746,0,14,2685,1,26,0
nsp4,641,a,2764,0,2494,10,29,12,0
nsp4,642,a,2764,0,2733,8,16,5,0
nsp4,643,a,2776,0,2755,2,19,0,0
nsp4,644,a,2779,0,2693,19,61,3,0
nsp4,645,c,2779,0,17,2742,3,10,0
nsp4,646,g,2776,0,69,0,2556,39,0
nsp4,647,t,2677,0,13,13,2,2635,0
nsp4,648,g,2774,0,58,8,2643,36,0
nsp4,649,c,2767,0,58,2666,4,8,0
nsp4,650,t,2777,0,15,23,10,2678,0
nsp4,651,c,2778,0,19,2696,13,22,0
nsp4,652,a,2780,0,2524,7,97,15,0
nsp4,653,t,2777,0,26,19,145,2569,0
nsp4,654,t,2773,0,25,34,5,2694,0
nsp4,655,g,2764,0,350,61,2266,18,0
nsp4,656,c,2726,0,33,2616,2,30,0
nsp4,657,c,2736,0,15,2559,2,95,0
nsp4,658,g,2710,0,249,23,2392,6,0
nsp4,659,c,2771,0,16,2669,1,78,0
nsp4,660,g,2772,0,44,5,2684,7,0
nsp4,661,a,2780,0,2758,1,13,4,0
nsp4,662,c,2781,0,7,2701,3,39,0
nsp4,663,t,2780,0,11,60,5,2564,0
nsp4,664,a,2713,0,2146,42,20,19,0
nsp4,665,a,2701,0,2664,14,11,5,0
nsp4,666,a,2741,0,2512,5,8,1,0
nsp4,667,a,2551,0,2497,9,18,4,0
nsp4,668,g,2538,0,33,1,2453,2,0
nsp4,669,a,2781,0,2640,11,11,0,0
nsp4,670,a,2735,0,2712,8,5,4,0
nsp4,671,a,2735,0,2636,8,66,10,0
nsp4,672,c,2757,0,2,2720,3,9,0
nsp4,673,t,2749,0,7,75,5,2585,0
nsp4,674,g,2757,0,84,10,2630,25,0
nsp4,675,c,2774,0,6,2727,2,24,0
nsp4,676,a,2772,0,2692,2,66,3,0
nsp4,677,a,2778,0,2617,7,150,0,0
nsp4,678,c,2781,0,7,2744,0,6,0
nsp4,679,g,2762,0,67,2,2686,2,0
nsp4,680,t,2780,0,3,6,4,2761,0
nsp4,681,c,2779,0,1,2675,0,11,0
nsp4,682,a,2709,0,2592,4,50,11,0
nsp4,683,c,2776,0,2,2736,4,26,0
nsp4,684,a,2776,0,2649,4,57,22,0
nsp4,685,c,2760,0,3,2698,16,31,0
nsp4,686,a,2760,0,2641,10,9,14,0
nsp4,687,a,2751,0,2691,15,30,13,0
nsp4,688,a,2764,0,2691,6,48,11,0
nsp4,689,t,2772,0,2,16,8,2720,0
nsp4,690,g,2758,0,51,14,2637,7,0
nsp4,691,c,2742,0,19,2705,1,6,0
nsp4,692,g,2769,0,41,2,2658,19,0
nsp4,693,t,2738,0,10,17,4,2672,0
nsp4,694,g,2772,0,23,5,2691,6,0
nsp4,695,a,2743,0,2465,7,38,10,0
nsp4,696,a,2605,0,2577,2,20,3,0
nsp4,697,t,2778,0,2,12,226,2507,0
nsp4,698,t,2774,0,5,18,1,2746,0
nsp4,699,g,2771,0,79,10,2652,3,0
nsp4,700,c,2771,0,19,2647,10,12,0
nsp4,701,c,2772,0,2,2699,2,59,0
nsp4,702,a,2769,0,2711,4,22,10,0
nsp4,703,a,2773,0,2503,19,217,20,0
nsp4,704,c,2770,0,1,2732,0,35,0
nsp4,705,a,2783,0,2648,4,77,15,0
nsp4,706,c,2780,0,4,2729,1,18,0
nsp4,707,t,2781,0,2,16,0,2745,0
nsp4,708,g,2782,0,18,4,2622,11,0
nsp4,709,g,2780,0,36,3,2738,1,0
nsp4,710,a,2780,0,2754,10,7,4,0
nsp4,711,c,2779,0,13,2696,0,20,0
nsp4,712,t,2775,0,2,36,6,2715,0
nsp4,713,c,2780,0,9,2720,6,9,0
nsp4,714,a,2769,0,2677,2,55,9,0
nsp4,715,g,2774,0,108,3,2616,10,0
nsp4,716,c,2772,0,6,2694,5,44,0
nsp4,717,g,2758,0,9,1,2738,3,0
nsp4,718,a,2763,0,2711,4,37,3,0
nsp4,719,c,2779,0,2,2740,3,24,0
nsp4,720,a,2777,0,2695,2,59,7,0
nsp4,721,t,2772,0,11,9,9,2727,0
nsp4,722,t,2773,0,3,28,2,2738,0
nsp4,723,c,2782,0,4,2743,2,10,0
nsp4,724,a,2781,0,2745,3,17,1,0
nsp4,725,a,2778,0,2660,1,114,3,0
nsp4,726,c,2782,0,0,2760,2,8,0
nsp4,727,g,2771,0,20,1,2740,2,0
nsp4,728,t,2777,0,5,36,6,2724,0
nsp4,729,t,2777,0,3,7,9,2756,0
nsp4,730,g,2779,0,36,7,2723,3,0
nsp4,731,a,2773,0,2655,0,76,2,0
nsp4,732,a,2773,0,2736,3,18,15,0
nsp4,733,t,2776,0,4,20,3,2732,0
nsp4,734,g,2775,0,69,0,2674,4,0
nsp4,735,c,2773,0,17,2714,6,11,0
nsp4,736,t,2758,0,8,9,5,2566,0
nsp4,737,t,2625,0,29,14,4,2535,0
nsp4,738,t,2703,0,22,21,10,2624,0
nsp4,739,c,2705,0,13,2618,11,23,0
nsp4,740,g,2765,0,38,18,2482,2,0
nsp4,741,a,2590,0,2389,12,27,3,0
nsp4,742,a,2551,0,2486,29,17,12,0
nsp4,743,a,2744,0,2702,14,18,9,0
nsp4,744,a,2760,0,2697,24,12,7,0
nsp4,745,t,2748,0,8,27,9,2680,0
nsp4,746,a,2764,0,2687,29,35,2,0
nsp4,747,t,2757,0,18,12,21,2648,0
nsp4,748,g,2722,0,89,30,2509,12,0
nsp4,749,c,2735,0,59,2621,6,36,0
nsp4,750,a,2774,0,2633,4,44,1,0
nsp4,751,t,2704,0,7,40,4,2602,0
nsp4,752,g,2739,0,79,4,2634,0,0
nsp4,753,t,2764,0,9,51,2,2656,0
nsp4,754,a,2736,0,2642,12,15,3,0
nsp4,755,a,2736,0,2664,12,25,32,0
nsp4,756,t,2761,0,4,55,3,2680,0
nsp4,757,g,2761,0,12,9,2683,2,0
nsp4,758,a,2722,0,2649,7,35,8,0
nsp4,759,c,2717,0,6,2661,3,38,0
nsp4,760,g,2756,0,19,10,2531,15,0
nsp4,761,a,2764,0,2661,3,23,6,0
nsp4,762,g,2774,0,11,0,2708,17,0
nsp4,763,t,2780,0,4,10,6,2729,0
nsp4,764,a,2764,0,2689,7,33,2,0
nsp4,765,t,2765,0,16,13,49,2652,0
nsp4,766,t,2756,0,6,17,15,2711,0
nsp4,767,g,2758,0,64,7,2500,5,0
nsp4,768,g,2742,0,26,2,2671,3,0
nsp4,769,g,2721,0,8,6,2681,2,0
nsp4,770,a,2708,0,2673,2,14,3,0
nsp4,771,g,2771,0,13,1,2540,3,0
nsp4,772,g,2768,0,7,5,2637,4,0
nsp4,773,a,2660,0,2471,2,20,4,0
nsp4,774,g,2676,0,36,2,2561,22,0
nsp4,775,t,2668,0,1,33,30,2369,0
nsp4,776,t,2769,0,0,14,0,2753,0
nsp4,777,t,2777,0,1,27,8,2732,0
nsp4,778,g,2768,0,11,6,2702,6,0
nsp4,779,c,2727,0,4,2439,10,31,0
nsp4,780,c,2622,0,14,2521,20,52,0
nsp4,781,c,2730,0,20,2518,15,146,0
nsp4,782,g,2724,0,23,1,2535,1,0
nsp4,783,a,2581,0,2442,3,5,5,0
nsp4,784,a,2555,0,2527,2,11,13,0
nsp4,785,a,2750,0,2714,2,6,14,0
nsp4,786,g,2765,0,236,7,2442,12,0
nsp4,787,c,2758,0,33,2505,18,23,0
nsp4,788,c,2749,0,16,2587,26,54,0
nsp4,789,a,2706,0,2346,18,23,12,0
nsp4,790,a,2771,0,2624,48,89,4,0
nsp4,791,t,2769,0,8,91,324,2323,0
nsp4,792,t,2780,0,11,123,33,2574,0
nsp4,793,a,2744,0,2232,22,428,8,0
nsp4,794,g,2781,0,25,1,2569,3,0
nsp4,795,g,2784,0,6,0,2776,1,0
nsp4,796,a,2783,0,2773,1,1,4,0
nsp4,797,t,2783,0,1,6,0,2776,0
nsp4,798,c,2783,0,2,2691,1,8,0
nsp4,799,a,2722,0,2565,10,55,11,0
nsp4,800,c,2738,0,14,2689,0,24,0
nsp4,801,t,2738,0,0,23,1,2689,0
nsp4,802,a,2765,0,2636,11,75,14,0
nsp4,803,c,2773,0,11,2731,2,12,0
nsp4,804,t,2783,0,36,61,21,2618,0
nsp4,805,g,2778,0,37,13,2703,2,0
nsp4,806,a,2780,0,2587,2,125,2,0
nsp4,807,g,2783,0,12,2,2731,8,0
nsp4,808,t,2774,0,0,14,2,2748,0
nsp4,809,t,2775,0,2,31,2,2739,0
nsp4,810,c,2774,0,5,2722,4,33,0
nsp4,811,g,2783,0,65,2,2682,27,0
nsp4,812,t,2779,0,3,27,7,2728,0
nsp4,813,t,2775,0,0,14,2,2758,0
nsp4,814,a,2780,0,2695,3,49,5,0
nsp4,815,c,2765,0,14,2622,6,7,0
nsp4,816,c,2737,0,10,2655,3,40,0
nsp4,817,g,2720,0,91,17,2587,9,0
nsp4,818,c,2771,0,6,2725,1,15,0
nsp4,819,a,2755,0,2633,23,27,21,0
nsp4,820,t,2751,0,2,52,18,2664,0
nsp4,821,a,2760,0,2459,30,187,23,0
nsp4,822,c,2728,0,17,2646,8,27,0
nsp4,823,g,2735,0,63,5,2520,116,0
nsp4,824,t,2752,0,12,35,1,2694,0
nsp4,825,g,2770,0,120,2,2573,24,0
nsp4,826,g,2758,0,64,19,2653,10,0
nsp4,827,c,2759,0,37,2631,6,30,0
nsp4,828,c,2760,0,12,2628,33,79,0
nsp4,829,a,2771,0,2618,12,96,28,0
nsp4,830,g,2773,0,58,8,2634,7,0
nsp4,831,a,2777,0,2693,7,24,17,0
nsp4,832,c,2774,0,11,2698,4,44,0
nsp4,833,t,2778,0,33,73,21,2605,0
nsp4,834,g,2770,0,15,3,2743,1,0
nsp4,835,a,2764,0,2398,2,19,5,0
nsp4,836,a,2762,0,2714,11,20,1,0
nsp4,837,a,2760,0,2699,12,32,4,0
nsp4,838,g,2754,0,19,4,2688,1,0
nsp4,839,g,2765,0,25,30,2677,10,0
nsp4,840,c,2750,0,28,2148,13,31,0
nsp4,841,c,2740,0,16,2660,6,54,0
nsp4,842,c,2775,0,11,2688,3,57,0
nsp4,843,t,2761,0,22,45,10,2646,0
nsp4,844,a,2759,0,2598,19,54,12,0
nsp4,845,a,2752,0,2672,19,46,5,0
nsp4,846,g,2765,0,35,13,2663,16,0
nsp4,847,g,2766,0,36,11,2662,12,0
nsp4,848,c,2728,0,25,2612,13,22,0
nsp4,849,c,2732,0,8,2626,2,64,0
nsp4,850,g,2748,0,50,6,2655,18,0
nsp4,851,c,2777,0,21,2687,5,19,0
nsp4,852,c,2778,0,4,2501,4,106,0
nsp4,853,g,2615,0,117,10,2465,11,0
nsp4,854,c,2767,0,11,2718,2,15,0
nsp4,855,a,2747,0,2650,6,50,10,0
nsp4,856,c,2782,0,9,2710,1,29,0
nsp4,857,t,2775,0,13,41,3,2706,0
nsp4,858,g,2776,0,136,12,2608,11,0
nsp4,859,t,2778,0,25,23,8,2705,0
nsp4,860,t,2777,0,1,52,4,2715,0
nsp4,861,c,2775,0,6,2631,1,40,0
nsp4,862,g,2714,0,235,43,2375,26,0
nsp4,863,c,2754,0,26,2535,1,174,0
nsp4,864,a,2757,0,2392,8,21,14,0
nsp4,865,a,2720,0,2681,5,24,8,0
nsp4,866,a,2774,0,2725,4,35,8,0
nsp4,867,g,2780,0,12,11,2750,1,0
nsp4,868,a,2780,0,2690,11,30,4,0
nsp4,869,c,2756,0,5,2540,18,26,0
nsp4,870,g,2623,0,42,9,2545,9,0
nsp4,871,c,2774,0,3,2689,13,46,0
nsp4,872,a,2768,0,2609,31,28,18,0
nsp4,873,t,2731,0,2,63,11,2636,0
nsp4,874,a,2750,0,2645,22,13,6,0
nsp4,875,a,2726,0,2661,13,33,8,0
nsp4,876,t,2754,0,4,16,51,2605,0
nsp4,877,t,2752,0,2,17,39,2690,0
nsp4,878,t,2771,0,1,32,12,2712,0
nsp4,879,g,2762,0,31,13,2647,10,0
nsp4,880,g,2776,0,58,2,2697,15,0
nsp4,881,t,2778,0,12,3,3,2752,0
nsp4,882,c,2773,0,3,2518,3,23,0
nsp4,883,c,2708,0,13,2648,4,34,0
nsp4,884,c,2747,0,14,2673,8,38,0
nsp4,885,a,2741,0,2616,14,39,8,0
nsp4,886,t,2756,0,9,10,89,2611,0
nsp4,887,t,2759,0,5,7,22,2720,0
nsp4,888,g,2768,0,72,40,2585,7,0
nsp4,889,c,2730,0,20,2648,5,43,0
nsp4,890,a,2742,0,2224,32,19,16,0
nsp4,891,a,2559,0,2338,36,21,13,0
nsp4,892,g,2491,0,89,12,2263,2,0
nsp4,893,a,2772,0,2618,8,32,10,0
nsp4,894,a,2762,0,2718,4,26,4,0
nsp4,895,g,2767,0,25,2,2648,75,0
nsp4,896,t,2774,0,7,33,0,2722,0
nsp4,897,g,2775,0,50,3,2686,11,0
nsp4,898,c,2763,0,15,2635,5,27,0
nsp4,899,c,2778,0,12,2705,2,44,0
nsp4,900,t,2766,0,5,23,5,2606,0
nsp4,901,a,2676,0,2611,19,42,1,0
nsp4,902,t,2772,0,1,26,4,2736,0
nsp4,903,g,2778,0,16,0,2727,4,0
nsp4,904,g,2777,0,16,1,2757,2,0
nsp4,905,a,2778,0,2767,0,3,4,0
nsp4,906,t,2777,0,1,21,4,2738,0
nsp4,907,a,2772,0,2378,12,344,4,0
nsp4,908,g,2772,0,138,4,2573,2,0
nsp4,909,g,2776,0,34,3,2717,14,0
nsp4,910,t,2771,0,14,9,1,2741,0
nsp4,911,t,2777,0,5,24,1,2742,0
nsp4,912,c,2773,0,21,2730,2,13,0
nsp4,913,g,2773,0,81,6,2678,2,0
nsp4,914,t,2779,0,4,28,2,2732,0
nsp4,915,c,2771,0,3,2738,5,14,0
nsp4,916,a,2772,0,2659,20,68,3,0
nsp4,917,t,2774,0,3,78,6,2671,0
nsp4,918,g,2768,0,3,2,2715,6,0
nsp4,919,g,2776,0,31,4,2734,3,0
nsp4,920,a,2777,0,2743,6,6,9,0
nsp4,921,c,2769,0,1,2701,8,55,0
nsp4,922,a,2781,0,2583,23,107,10,0
nsp4,923,t,2735,0,3,124,5,2583,0
nsp4,924,g,2772,0,7,21,2723,4,0
nsp4,925,a,2766,0,1806,12,31,2,0
nsp4,926,a,2637,0,2609,4,18,2,0
nsp4,927,a,2749,0,2712,3,15,1,0
nsp4,928,a,2754,0,2669,3,32,3,0
nsp4,929,g,2713,0,13,2,2662,2,0
nsp4,930,a,2780,0,2618,3,82,2,0
nsp4,931,g,2779,0,14,7,2720,3,0
nsp4,932,a,2780,0,2601,67,93,5,0
nsp4,933,c,2777,0,68,2655,6,17,0
nsp4,934,g,2761,0,85,4,2599,19,0
nsp4,935,t,2733,0,14,25,14,2625,0
nsp4,936,g,2763,0,37,5,2606,14,0
nsp4,937,a,2709,0,2552,0,22,20,0
nsp4,938,a,2708,0,2623,9,47,3,0
nsp4,939,a,2738,0,2689,3,36,5,0
nsp4,940,g,2750,0,43,0,2648,11,0
nsp4,941,t,2778,0,13,37,13,2676,0
nsp4,942,t,2767,0,3,12,5,2738,0
nsp4,943,a,2764,0,2154,7,55,12,0
nsp4,944,c,2252,0,7,2191,16,14,0
nsp4,945,a,2743,0,2637,9,22,2,0
nsp4,946,c,2694,0,7,2526,11,20,0
nsp4,947,c,2703,0,87,2323,3,25,0
nsp4,948,t,2449,0,5,97,4,2171,0
nsp4,949,g,2646,0,37,57,2456,8,0
nsp4,950,g,2764,0,21,6,2724,6,0
nsp4,951,c,2768,0,16,2697,1,21,0
nsp4,952,a,2744,0,2438,19,67,62,0
nsp4,953,c,2768,0,4,2502,30,215,0
nsp4,954,g,2762,0,67,4,2611,10,0
nsp4,955,a,2750,0,2637,13,34,5,0
nsp4,956,a,2741,0,2700,10,12,11,0
nsp4,957,a,2751,0,2514,9,48,10,0
nsp4,958,c,2595,0,10,2522,5,31,0
nsp4,959,a,2770,0,2683,4,42,13,0
nsp4,960,c,2763,0,5,2709,8,35,0
nsp4,961,a,2770,0,2659,16,23,6,0
nsp4,962,c,2751,0,9,2685,10,30,0
nsp4,963,a,2751,0,2479,3,40,90,0
nsp4,964,g,2691,0,10,1,2672,2,0
nsp4,965,a,2697,0,2630,11,5,3,0
nsp4,966,a,2750,0,2718,2,6,7,0
nsp4,967,g,2753,0,14,0,2727,2,0
nsp4,968,a,2770,0,2649,3,5,3,0
nsp4,969,a,2765,0,2754,3,6,0,0
nsp4,970,a,2778,0,2753,5,10,6,0
nsp4,971,g,2776,0,18,1,2739,3,0
nsp4,972,a,2776,0,2725,4,30,4,0
nsp4,973,c,2770,0,14,2700,8,16,0
nsp4,974,c,2767,0,9,2681,5,65,0
nsp4,975,g,2769,0,51,3,2554,1,0
nsp4,976,a,2653,0,2472,0,6,1,0
nsp4,977,a,2598,0,2576,4,15,2,0
nsp4,978,a,2770,0,2715,3,45,4,0
nsp4,979,g,2777,0,16,7,2679,59,0
nsp4,980,t,2775,0,7,62,16,2646,0
nsp4,981,a,2747,0,2620,14,79,8,0
nsp4,982,c,2756,0,7,2675,17,39,0
nsp4,983,a,2775,0,2598,38,27,25,0
nsp4,984,a,2762,0,2678,14,46,21,0
nsp4,985,g,2770,0,85,2,2522,129,0
nsp4,986,t,2768,0,2,60,25,2585,0
nsp4,987,g,2723,0,40,5,2614,11,0
nsp4,988,a,2700,0,2614,4,18,39,0
nsp4,989,t,2761,0,1,12,8,2737,0
nsp4,990,a,2771,0,2561,12,59,27,0
nsp4,991,c,2686,0,10,2586,35,28,0
nsp4,992,a,2754,0,2649,8,24,11,0
nsp4,993,a,2746,0,2695,2,25,17,0
nsp4,994,g,2769,0,136,10,2554,4,0
nsp4,995,c,2760,0,28,2668,6,17,0
nsp4,996,c,2762,0,6,2686,6,44,0
nsp4,997,g,2753,0,80,40,2599,19,0
nsp4,998,c,2777,0,13,2681,9,57,0
nsp4,999,a,2770,0,2643,10,53,16,0
nsp4,1000,g,2768,0,13,0,2736,10,0
nsp4,1001,a,2777,0,2690,0,43,1,0
nsp4,1002,a,2768,0,2687,3,36,8,0
nsp4,1003,c,2742,0,24,1910,30,13,0
nsp4,1004,c,2599,0,6,2514,16,55,0
nsp4,1005,c,2724,0,44,2618,2,33,0
nsp4,1006,c,2742,0,322,2225,19,21,0
nsp4,1007,t,2588,0,8,378,12,2076,0
nsp4,1008,g,2737,0,67,56,2587,2,0
nsp4,1009,g,2762,0,38,4,2719,1,0
nsp4,1010,c,2766,0,19,2712,4,21,0
nsp4,1011,g,2772,0,9,4,2740,2,0
nsp4,1012,a,2771,0,2745,4,10,0,0
nsp4,1013,c,2772,0,8,2671,8,29,0
nsp4,1014,c,2764,0,20,2677,2,28,0
nsp4,1015,g,2733,0,89,6,2598,6,0
nsp4,1016,c,2769,0,3,2728,3,18,0
nsp4,1017,t,2756,0,25,6,6,2611,0
nsp4,1018,t,2703,0,5,35,0,2654,0
nsp4,1019,a,2757,0,2424,7,299,10,0
nsp4,1020,c,2768,0,4,2671,8,17,0
nsp4,1021,c,2758,0,10,2720,3,16,0
nsp4,1022,t,2766,0,39,58,9,2583,0
nsp4,1023,g,2733,0,53,17,2646,12,0
nsp4,1024,t,2775,0,26,22,10,2697,0
nsp4,1025,g,2774,0,50,20,2605,1,0
nsp4,1026,c,2689,0,9,2616,9,28,0
nsp4,1027,g,2764,0,427,17,2086,23,0
nsp4,1028,g,2748,0,42,2,2679,24,0
nsp4,1029,g,2778,0,24,3,2743,0,0
nsp4,1030,a,2772,0,2761,1,4,1,0
nsp4,1031,t,2778,0,4,2,0,2770,0
nsp4,1032,c,2779,0,2,2569,2,6,0
nsp4,1033,c,2758,0,3,2713,1,14,0
nsp4,1034,a,2735,0,2588,5,67,7,0
nsp4,1035,c,2769,0,3,2607,61,15,0
nsp4,1036,c,2767,0,26,2595,13,98,0
nsp4,1037,g,2735,0,156,5,2292,39,0
nsp4,1038,g,2709,0,30,2,2645,20,0
nsp4,1039,g,2757,0,24,5,2682,4,0
nsp4,1040,a,2724,0,2563,4,46,4,0
nsp4,1041,g,2770,0,48,1,2691,5,0
nsp4,1042,t,2757,0,20,16,7,2646,0
nsp4,1043,t,2755,0,23,38,23,2661,0
nsp4,1044,a,2762,0,2642,9,98,1,0
nsp4,1045,g,2777,0,38,3,2660,37,0
nsp4,1046,t,2756,0,8,16,6,2706,0
nsp4,1047,g,2767,0,28,6,2625,8,0
nsp4,1048,c,2675,0,7,2611,7,32,0
nsp4,1049,g,2774,0,24,6,2704,14,0
nsp4,1050,c,2767,0,6,2677,18,17,0
nsp4,1051,a,2743,0,2560,4,115,13,0
nsp4,1052,g,2750,0,80,0,2592,12,0
nsp4,1053,g,2755,0,90,13,2645,4,0
nsp4,1054,c,2769,0,29,2667,1,48,0
nsp4,1055,t,2759,0,28,57,7,2541,0
nsp4,1056,t,2687,0,4,93,16,2559,0
nsp4,1057,a,2740,0,2538,25,64,7,0
nsp4,1058,c,2700,0,11,2577,9,51,0
nsp4,1059,a,2730,0,2629,9,42,27,0
nsp4,1060,g,2759,0,1034,6,1629,16,0
nsp4,1061,c,2736,0,28,2611,23,43,0
nsp4,1062,c,2748,0,120,2562,19,38,0
nsp4,1063,g,2756,0,217,1,2523,7,0
nsp4,1064,t,2772,0,13,13,4,2726,0
nsp4,1065,c,2775,0,12,2743,11,4,0
nsp4,1066,t,2777,0,11,23,10,2623,0
nsp4,1067,t,2765,0,5,22,8,2698,0
nsp4,1068,g,2745,0,65,13,2570,14,0
nsp4,1069,c,2719,0,61,2571,4,43,0
nsp4,1070,t,2741,0,5,32,2,2671,0
nsp4,1071,a,2738,0,2476,7,133,9,0
nsp4,1072,c,2682,0,5,2529,22,8,0
nsp4,1073,c,2715,0,6,2575,95,27,0
nsp4,1074,c,2756,0,2,2659,5,68,0
nsp4,1075,a,2743,0,2714,4,10,6,0
nsp4,1076,a,2763,0,2591,2,148,13,0
nsp4,1077,c,2767,0,0,2735,4,25,0
nsp4,1078,a,2774,0,2705,1,52,7,0
nsp4,1079,t,2772,0,2,14,2,2738,0
nsp4,1080,t,2770,0,1,20,3,2738,0
nsp4,1081,c,2768,0,1,2199,3,20,0
nsp4,1082,a,2259,0,2076,16,42,11,0
nsp4,1083,c,2718,0,2,2672,4,36,0
nsp4,1084,a,2738,0,2642,4,60,1,0
nsp4,1085,c,2765,0,0,2737,7,10,0
nsp4,1086,g,2758,0,18,3,2708,1,0
nsp4,1087,c,2764,0,2,2744,3,8,0
nsp4,1088,t,2759,0,3,16,6,1555,0
nsp4,1089,t,2617,0,3,6,6,2599,0
nsp4,1090,t,2703,0,4,9,5,2682,0
nsp4,1091,t,2741,0,16,10,26,2689,0
nsp4,1092,t,2753,0,9,44,29,2665,0
nsp4,1093,g,2769,0,4,4,2745,2,0
nsp4,1094,a,2765,0,2712,6,19,6,0
nsp4,1095,c,2751,0,0,2721,4,21,0
nsp4,1096,a,2775,0,2707,10,33,5,0
nsp4,1097,t,2764,0,4,19,0,2708,0
nsp4,1098,g,2751,0,53,6,2683,1,0
nsp4,1099,t,2777,0,4,4,3,2759,0
nsp4,1100,c,2777,0,4,2718,2,11,0
nsp4,1101,g,2765,0,73,2,2651,14,0
nsp4,1102,g,2763,0,31,9,2720,2,0
nsp4,1103,c,2777,0,21,2728,2,26,0
nsp4,1104,g,2781,0,16,5,2645,11,0
nsp4,1105,g,2740,0,3,30,2675,1,0
nsp4,1106,a,2719,0,2641,2,10,1,0
nsp4,1107,g,2777,0,10,0,2715,3,0
nsp4,1108,g,2773,0,7,4,2756,1,0
nsp4,1109,a,2774,0,2731,0,9,6,0
nsp4,1110,c,2767,0,5,2719,4,26,0
nsp4,1111,t,2777,0,6,13,3,2552,0
nsp4,1112,t,2697,0,6,20,2,2668,0
nsp4,1113,t,2769,0,4,27,10,2725,0
nsp4,1114,g,2778,0,10,11,2733,5,0
nsp4,1115,a,2780,0,2713,2,32,19,0
nsp4,1116,t,2779,0,0,14,1,2753,0
nsp4,1117,g,2774,0,51,8,2679,11,0
nsp4,1118,c,2763,0,10,2713,2,23,0
nsp4,1119,a,2767,0,2704,6,17,2,0
nsp4,1120,a,2771,0,2720,3,34,5,0
nsp4,1121,t,2768,0,1,38,5,2711,0
nsp4,1122,c,2770,0,1,2738,9,9,0
nsp4,1123,a,2777,0,2457,53,88,34,0
nsp4,1124,t,2672,0,9,119,9,2527,0
nsp4,1125,a,2703,0,2324,18,261,16,0
nsp4,1126,g,2731,0,47,53,2593,13,0
nsp4,1127,c,2724,0,10,2627,14,50,0
nsp4,1128,a,2756,0,2583,8,59,18,0
nsp4,1129,g,2774,0,40,3,2704,7,0
nsp4,1130,a,2777,0,2711,1,18,13,0
nsp4,1131,a,2772,0,2713,14,30,11,0
nsp4,1132,c,2772,0,2,2734,7,24,0
nsp4,1133,a,2776,0,2670,8,69,2,0
nsp4,1134,c,2771,0,4,2726,4,11,0
nsp4,1135,t,2754,0,5,22,9,2666,0
nsp4,1136,t,2768,0,9,20,23,2643,0
nsp4,1137,c,2705,0,14,2618,7,29,0
nsp4,1138,a,2747,0,2565,22,18,19,0
nsp4,1139,a,2684,0,2605,21,41,5,0
nsp4,1140,g,2747,0,243,32,2384,7,0
nsp4,1141,c,2764,0,29,2701,5,20,0
nsp4,1142,a,2773,0,2523,22,14,23,0
nsp4,1143,a,2760,0,2687,2,35,8,0
nsp4,1144,g,2746,0,27,5,2669,10,0
nsp4,1145,g,2751,0,17,17,2691,24,0
nsp4,1146,t,2756,0,24,3,2,2711,0
nsp4,1147,g,2772,0,2,3,2751,3,0
nsp4,1148,a,2770,0,2746,1,9,2,0
nsp4,1149,c,2772,0,4,2534,7,22,0
nsp4,1150,c,2715,0,3,2676,10,20,0
nsp4,1151,c,2772,0,13,2667,5,77,0
nsp4,1152,g,2764,0,79,2,2643,10,0
nsp4,1153,g,2770,0,15,2,2734,16,0
nsp4,1154,t,2772,0,6,37,0,2705,0
nsp4,1155,a,2756,0,2703,3,45,1,0
nsp4,1156,c,2768,0,9,2731,0,10,0
nsp4,1157,t,2776,0,13,22,7,2691,0
nsp4,1158,g,2774,0,12,18,2533,19,0
nsp4,1159,g,2777,0,10,11,2751,1,0
nsp4,1160,a,2778,0,2671,3,30,6,0
nsp4,1161,g,2780,0,36,1,2638,2,0
nsp4,1162,a,2780,0,2656,27,59,5,0
nsp4,1163,c,2782,0,2,2728,0,47,0
nsp4,1164,g,2781,0,16,4,2702,11,0
nsp4,1165,g,2780,0,10,1,2764,4,0
nsp4,1166,a,2781,0,2757,2,2,7,0
nsp4,1167,t,2773,0,1,13,3,2755,0
nsp4,1168,a,2783,0,2750,10,19,1,0
nsp4,1169,t,2782,0,7,4,4,2749,0
nsp4,1170,c,2775,0,4,2731,0,2,0
nsp4,1171,g,2753,0,44,4,2681,4,0
nsp4,1172,c,2769,0,19,2706,0,17,0
nsp4,1173,c,2777,0,13,2749,1,12,0
nsp4,1174,t,2780,0,1,25,1,2676,0
nsp4,1175,c,2780,0,2,2616,7,25,0
nsp4,1176,g,2778,0,42,2,2719,2,0
nsp4,1177,t,2772,0,14,30,9,2714,0
nsp4,1178,t,2780,0,3,55,2,2717,0
nsp4,1179,c,2779,0,4,2706,9,37,0
nsp4,1180,g,2781,0,26,0,2740,2,0
nsp4,1181,a,2779,0,2730,2,25,9,0
nsp4,1182,c,2772,0,12,2714,6,29,0
nsp4,1183,a,2775,0,1994,51,21,18,0
nsp4,1184,a,2727,0,2692,7,14,12,0
nsp4,1185,a,2762,0,2712,13,11,13,0
nsp4,1186,a,2765,0,2726,9,18,8,0
nsp4,1187,g,2764,0,33,3,2702,6,0
nsp4,1188,c,2768,0,6,2617,12,19,0
nsp4,1189,c,2768,0,17,2635,35,60,0
nsp4,1190,a,2758,0,2523,6,67,6,0
nsp4,1191,a,2765,0,2638,26,74,16,0
nsp4,1192,g,2764,0,42,4,2676,0,0
nsp4,1193,a,2757,0,2718,2,23,5,0
nsp4,1194,c,2759,0,3,2716,3,30,0
nsp4,1195,g,2778,0,24,4,2736,5,0
nsp4,1196,a,2781,0,2745,6,21,4,0
nsp4,1197,c,2781,0,4,2692,3,12,0
nsp4,1198,g,2716,0,19,4,2623,11,0
nsp4,1199,c,2765,0,38,2697,2,17,0
nsp4,1200,t,2766,0,2,47,4,2659,0
nsp4,1201,a,2733,0,2676,13,34,3,0
nsp4,1202,t,2775,0,5,15,7,2738,0
nsp4,1203,g,2772,0,64,4,2670,5,0
nsp4,1204,g,2766,0,25,3,2721,2,0
nsp4,1205,c,2758,0,28,2701,3,21,0
nsp4,1206,g,2773,0,30,1,2724,6,0
nsp4,1207,t,2765,0,6,9,6,2724,0
nsp4,1208,t,2767,0,0,14,4,2741,0
nsp4,1209,a,2761,0,2706,3,12,6,0
nsp4,1210,a,2763,0,2627,5,111,8,0
nsp4,1211,c,2763,0,1,2720,7,18,0
nsp4,1212,t,2767,0,21,39,7,2622,0
nsp4,1213,g,2760,0,104,8,2618,10,0
nsp4,1214,g,2773,0,32,15,2706,6,0
nsp4,1215,c,2764,0,10,2650,7,14,0
nsp4,1216,c,2775,0,13,2728,2,16,0
nsp4,1217,t,2764,0,15,47,7,2588,0
nsp4,1218,g,2688,0,48,12,2622,1,0
nsp4,1219,a,2695,0,2642,12,9,25,0
nsp4,1220,t,2779,0,5,33,1,2730,0
nsp4,1221,g,2775,0,9,5,2759,2,0
nsp4,1222,a,2778,0,2751,1,9,6,0
nsp4,1223,t,2770,0,1,2,3,2750,0
nsp4,1224,c,2761,0,1,2728,8,8,0
nsp4,1225,t,2771,0,15,43,19,2525,0
nsp4,1226,t,2767,0,7,24,4,2708,0
nsp4,1227,g,2753,0,26,11,2447,16,0
nsp4,1228,g,2766,0,8,2,2752,0,0
nsp4,1229,a,2767,0,2737,5,10,0,0
nsp4,1230,a,2770,0,2732,1,15,2,0
nsp4,1231,g,2758,0,8,3,2728,2,0
nsp4,1232,a,2770,0,2695,1,53,1,0
nsp4,1233,c,2766,0,12,2621,5,21,0
nsp4,1234,c,2771,0,255,2403,11,43,0
nsp4,1235,t,2721,0,17,298,14,2322,0
nsp4,1236,g,2727,0,148,29,2154,8,0
nsp4,1237,g,2749,0,39,6,2642,8,0
nsp4,1238,g,2712,0,9,3,2611,52,0
nsp4,1239,t,2683,0,17,28,6,2624,0
nsp4,1240,g,2772,0,19,3,2731,15,0
nsp4,1241,t,2775,0,3,32,9,2691,0
nsp4,1242,g,2782,0,7,3,2717,1,0
nsp4,1243,g,2779,0,29,2,2746,1,0
nsp4,1244,a,2779,0,2720,1,6,25,0
nsp4,1245,c,2769,0,5,2551,3,86,0
nsp4,1246,c,2770,0,16,2603,12,128,0
nsp4,1247,a,2764,0,2685,4,15,7,0
nsp4,1248,a,2776,0,2473,10,265,10,0
nsp4,1249,c,2762,0,6,2668,49,12,0
nsp4,1250,c,2775,0,1,2714,0,25,0
nsp4,1251,a,2745,0,2601,8,81,18,0
nsp4,1252,c,2765,0,3,2716,4,34,0
nsp4,1253,t,2764,0,4,53,1,2677,0
nsp4,1254,a,2772,0,2588,23,98,22,0
nsp4,1255,c,2774,0,3,2719,4,5,0
nsp4,1256,t,2776,0,5,39,5,2661,0
nsp4,1257,c,2776,0,17,2630,14,25,0
nsp4,1258,g,2781,0,41,2,2731,0,0
nsp4,1259,a,2781,0,2593,1,177,0,0
nsp4,1260,c,2778,0,7,2745,3,10,0
nsp4,1261,t,2773,0,8,76,15,2305,0
nsp4,1262,t,2484,0,17,105,10,2351,0
nsp4,1263,g,2780,0,13,3,2756,0,0
nsp4,1264,a,2779,0,2746,1,11,1,0
nsp4,1265,t,2783,0,1,9,1,2762,0
nsp4,1266,c,2782,0,1,2755,2,16,0
nsp4,1267,g,2780,0,174,14,2399,3,0
nsp4,1268,a,2775,0,2547,4,171,8,0
nsp4,1269,g,2777,0,9,0,2678,53,0
nsp4,1270,t,2773,0,2,19,5,2713,0
nsp4,1271,g,2775,0,39,4,2654,9,0
nsp4,1272,c,2712,0,7,2661,0,30,0
nsp4,1273,g,2771,0,30,6,2709,3,0
nsp4,1274,c,2761,0,11,2705,7,13,0
nsp4,1275,c,2766,0,35,2632,7,23,0
nsp4,1276,t,2701,0,26,24,64,2414,0
nsp4,1277,t,2634,0,7,101,7,2503,0
nsp4,1278,t,2747,0,5,52,10,2652,0
nsp4,1279,g,2732,0,20,16,2429,31,0
nsp4,1280,g,2643,0,29,23,2430,5,0
nsp4,1281,a,2544,0,2467,7,10,12,0
nsp4,1282,g,2678,0,17,8,2544,7,0
nsp4,1283,a,2682,0,2506,5,7,1,0
nsp4,1284,a,2665,0,2647,3,9,3,0
nsp4,1285,a,2765,0,2689,7,48,4,0
nsp4,1286,t,2756,0,1,31,3,2708,0
nsp4,1287,a,2778,0,2727,11,12,1,0
nsp4,1288,t,2753,0,4,3,2,2736,0
nsp4,1289,c,2748,0,6,2707,0,9,0
nsp4,1290,a,2777,0,2697,2,61,2,0
nsp4,1291,t,2774,0,8,2,9,2748,0
nsp4,1292,c,2777,0,5,2485,0,10,0
nsp4,1293,c,2739,0,4,2710,2,11,0
nsp4,1294,a,2744,0,2659,9,44,9,0
nsp4,1295,c,2765,0,7,2500,16,33,0
nsp4,1296,c,2762,0,10,2716,11,22,0
nsp4,1297,c,2772,0,7,2721,8,26,0
nsp4,1298,a,2762,0,2718,9,12,4,0
nsp4,1299,t,2770,0,2,3,1,2750,0
nsp4,1300,c,2769,0,2,2753,1,8,0
nsp4,1301,t,2772,0,4,34,3,2670,0
nsp4,1302,g,2764,0,53,10,2664,7,0
nsp4,1303,c,2757,0,8,2620,3,4,0
nsp4,1304,c,2749,0,8,2669,7,29,0
nsp4,1305,c,2730,0,1,2611,2,38,0
nsp4,1306,a,2656,0,2504,30,43,8,0
nsp4,1307,c,2760,0,3,2648,4,90,0
nsp4,1308,g,2749,0,83,6,2368,30,0
nsp4,1309,g,2762,0,58,5,2677,17,0
nsp4,1310,g,2775,0,24,4,2681,58,0
nsp4,1311,t,2770,0,22,44,0,2696,0
nsp4,1312,a,2772,0,2528,2,97,38,0
nsp4,1313,c,2769,0,13,2015,114,40,0
nsp4,1314,c,2753,0,17,2685,9,40,0
nsp4,1315,c,2776,0,22,2569,39,137,0
nsp4,1316,g,2770,0,27,1,2712,26,0
nsp4,1317,t,2780,0,7,18,4,2669,0
nsp4,1318,t,2775,0,4,10,7,2752,0
nsp4,1319,t,2780,0,5,3,4,2764,0
nsp4,1320,c,2776,0,5,2734,7,11,0
nsp4,1321,a,2774,0,2668,3,9,6,0
nsp4,1322,a,2730,0,2697,7,12,3,0
nsp4,1323,a,2766,0,2720,5,27,9,0
nsp4,1324,t,2766,0,1,33,32,2683,0
nsp4,1325,t,2764,0,1,43,1,2708,0
nsp4,1326,c,2765,0,5,2674,4,9,0
nsp4,1327,g,2752,0,817,26,1645,5,0
nsp4,1328,g,2746,0,155,5,2583,1,0
nsp4,1329,g,2760,0,31,5,2721,2,0
nsp4,1330,g,2773,0,23,7,2742,0,0
nsp4,1331,c,2775,0,10,2734,3,22,0
nsp4,1332,g,2781,0,11,0,2729,2,0
nsp4,1333,a,2747,0,2708,0,7,8,0
nsp4,1334,t,2744,0,2,10,4,2722,0
nsp4,1335,g,2779,0,29,5,2723,0,0
nsp4,1336,a,2774,0,2697,0,49,12,0
nsp4,1337,t,2768,0,2,11,13,2731,0
nsp4,1338,g,2771,0,10,12,2688,23,0
nsp4,1339,a,2772,0,2704,3,9,9,0
nsp4,1340,a,2746,0,2730,3,11,2,0
nsp4,1341,a,2778,0,2727,4,21,2,0
nsp4,1342,t,2757,0,6,8,5,2653,0
nsp4,1343,c,2727,0,6,2238,1,7,0
nsp4,1344,c,2774,0,47,2628,31,30,0
nsp4,1345,g,2742,0,102,9,2339,65,0
nsp4,1346,g,2770,0,27,3,2722,0,0
nsp4,1347,a,2761,0,2663,7,18,5,0
nsp4,1348,a,2755,0,2723,10,14,6,0
nsp4,1349,t,2775,0,17,21,2,2700,0
nsp4,1350,g,2750,0,289,30,2342,63,0
nsp4,1351,t,2763,0,24,29,12,2652,0
nsp4,1352,t,2758,0,18,42,2,2671,0
nsp4,1353,c,2744,0,14,2381,2,72,0
nsp4,1354,c,2736,0,14,2681,2,37,0
nsp4,1355,t,2780,0,5,18,4,2734,0
nsp4,1356,c,2781,0,6,2534,4,5,0
nsp4,1357,a,2610,0,2446,14,58,12,0
nsp4,1358,c,2780,0,6,2736,1,6,0
nsp4,1359,g,2756,0,18,4,2705,6,0
nsp4,1360,c,2772,0,20,2721,0,9,0
nsp4,1361,t,2771,0,3,22,6,2666,0
nsp4,1362,c,2777,0,7,2752,1,11,0
nsp4,1363,t,2777,0,10,7,6,2631,0
nsp4,1364,t,2743,0,2,12,5,2723,0
nsp4,1365,t,2768,0,4,27,5,2728,0
nsp4,1366,g,2776,0,93,3,2675,0,0
nsp4,1367,t,2779,0,6,18,6,2744,0
nsp4,1368,c,2776,0,2,2728,5,9,0
nsp4,1369,a,2768,0,2666,20,37,6,0
nsp4,1370,a,2763,0,2424,26,249,24,0
nsp4,1371,c,2738,0,0,2690,13,33,0
nsp4,1372,a,2780,0,2657,23,61,14,0
nsp4,1373,c,2777,0,5,2709,13,38,0
nsp4,1374,a,2777,0,2652,3,86,21,0
nsp4,1375,g,2782,0,14,2,2749,7,0
nsp4,1376,t,2782,0,9,20,17,2723,0
nsp4,1377,t,2778,0,4,22,0,2743,0
nsp4,1378,c,2771,0,4,2755,1,4,0
nsp4,1379,t,2781,0,39,38,10,2658,0
nsp4,1380,g,2777,0,13,26,2732,2,0
nsp4,1381,a,2779,0,2702,2,36,1,0
nsp4,1382,a,2773,0,2745,8,8,11,0
nsp4,1383,t,2778,0,1,24,0,2737,0
nsp4,1384,g,2767,0,157,11,2585,6,0
nsp4,1385,t,2776,0,6,21,2,2732,0
nsp4,1386,c,2767,0,6,2720,7,10,0
nsp4,1387,g,2774,0,70,1,2669,18,0
nsp4,1388,t,2772,0,13,18,13,2719,0
nsp4,1389,t,2774,0,3,23,3,2745,0
nsp4,1390,a,2780,0,2749,11,17,0,0
nsp4,1391,t,2780,0,4,6,1,2753,0
nsp4,1392,c,2777,0,5,2718,5,9,0
nsp4,1393,g,2765,0,31,7,2693,17,0
nsp4,1394,c,2768,0,18,2664,6,32,0
nsp4,1395,c,2769,0,9,2686,2,59,0
nsp4,1396,a,2759,0,2682,2,40,19,0
nsp4,1397,g,2770,0,104,16,2618,16,0
nsp4,1398,c,2771,0,12,2708,11,30,0
nsp4,1399,a,2777,0,2486,15,126,17,0
nsp4,1400,g,2753,0,54,10,2621,3,0
nsp4,1401,a,2779,0,2638,5,18,8,0
nsp4,1402,g,2778,0,25,0,2688,19,0
nsp4,1403,t,2769,0,12,27,5,2696,0
nsp4,1404,a,2768,0,2679,8,51,1,0
nsp4,1405,t,2767,0,41,25,32,2647,0
nsp4,1406,t,2764,0,2,14,6,2733,0
nsp4,1407,g,2759,0,26,2,2409,1,0
nsp4,1408,g,2713,0,14,4,2680,1,0
nsp4,1409,a,2713,0,2667,2,1,6,0
nsp4,1410,g,2749,0,24,7,2575,17,0
nsp4,1411,g,2753,0,35,5,2689,5,0
nsp4,1412,a,2743,0,2629,0,25,3,0
nsp4,1413,g,2771,0,70,11,2631,5,0
nsp4,1414,c,2764,0,9,2690,5,51,0
nsp4,1415,g,2766,0,171,1,2517,13,0
nsp4,1416,g,2744,0,144,7,2557,10,0
nsp4,1417,c,2740,0,35,2625,7,42,0
nsp4,1418,t,2746,0,54,49,3,2166,0
nsp4,1419,t,2430,0,98,77,9,2235,0
nsp4,1420,a,2656,0,2346,24,32,24,0
nsp4,1421,a,2746,0,2723,12,9,2,0
nsp4,1422,a,2774,0,2751,3,18,1,0
nsp4,1423,a,2778,0,2671,7,87,6,0
nsp4,1424,c,2774,0,1,2758,1,6,0
nsp4,1425,g,2770,0,82,0,2681,3,0
nsp4,1426,t,2777,0,44,4,4,2724,0
nsp4,1427,c,2783,0,1,1674,6,48,0
nsp4,1428,c,2769,0,20,2687,14,10,0
nsp4,1429,a,2741,0,2673,2,8,3,0
nsp4,1430,a,2763,0,2714,2,26,17,0
nsp4,1431,a,2773,0,2728,3,25,8,0
nsp4,1432,t,2764,0,3,14,3,2674,0
nsp4,1433,g,2701,0,47,8,2571,49,0
nsp4,1434,t,2777,0,5,23,4,2736,0
nsp4,1435,g,2779,0,126,11,2594,12,0
nsp4,1436,c,2760,0,9,2698,2,21,0
nsp4,1437,a,2741,0,2524,4,176,8,0
nsp4,1438,g,2778,0,18,2,2742,4,0
nsp4,1439,c,2775,0,5,2725,3,28,0
nsp4,1440,a,2771,0,2678,5,47,4,0
nsp4,1441,t,2766,0,8,7,31,2639,0
nsp4,1442,t,2765,0,3,14,4,2740,0
nsp4,1443,t,2772,0,1,14,17,2740,0
nsp4,1444,a,2776,0,2737,11,25,1,0
nsp4,1445,t,2779,0,5,7,6,2755,0
nsp4,1446,c,2780,0,2,2739,1,9,0
nsp4,1447,g,2768,0,124,2,2608,5,0
nsp4,1448,g,2769,0,20,5,2736,5,0
nsp4,1449,c,2779,0,7,2722,0,27,0
nsp4,1450,g,2759,0,27,0,2720,3,0
nsp4,1451,a,2758,0,2651,0,91,6,0
nsp4,1452,c,2782,0,0,2741,0,31,0
nsp4,1453,g,2779,0,93,3,2650,8,0
nsp4,1454,a,2782,0,2715,3,25,15,0
nsp4,1455,c,2767,0,4,2708,1,51,0
nsp4,1456,a,2771,0,2747,3,9,8,0
nsp4,1457,a,2780,0,2719,3,39,15,0
nsp4,1458,c,2777,0,0,2728,7,28,0
nsp4,1459,a,2769,0,2731,6,22,0,0
nsp4,1460,t,2765,0,1,11,6,2745,0
nsp4,1461,c,2780,0,4,2701,7,35,0
nsp4,1462,a,2772,0,2540,72,44,30,0
nsp4,1463,t,2728,0,5,66,38,2613,0
nsp4,1464,a,2777,0,2372,52,84,23,0
nsp4,1465,c,2545,0,1,2489,4,44,0
nsp4,1466,a,2776,0,2629,38,56,7,0
nsp4,1467,c,2768,0,7,2663,7,45,0
nsp4,1468,g,2735,0,179,21,2430,51,0
nsp4,1469,g,2779,0,60,11,2685,10,0
nsp4,1470,a,2769,0,1979,5,51,13,0
nsp4,1471,g,2759,0,14,8,2671,33,0
nsp4,1472,t,2753,0,22,20,5,2686,0
nsp4,1473,a,2764,0,2686,2,61,1,0
nsp4,1474,g,2783,0,39,1,2665,42,0
nsp4,1475,t,2755,0,9,38,4,2688,0
nsp4,1476,a,2778,0,2755,4,16,2,0
nsp4,1477,t,2782,0,2,4,5,2760,0
nsp4,1478,c,2779,0,6,2723,4,39,0
nsp4,1479,t,2781,0,16,67,6,2574,0
nsp4,1480,g,2776,0,12,35,2718,3,0
nsp4,1481,a,2778,0,2688,7,46,7,0
nsp4,1482,c,2771,0,4,2725,4,32,0
nsp4,1483,a,2773,0,2584,8,20,14,0
nsp4,1484,a,2718,0,2663,2,21,3,0
nsp4,1485,a,2706,0,2600,7,9,26,0
nsp4,1486,g,2673,0,16,2,2630,10,0
nsp4,1487,a,2776,0,2666,6,8,9,0
nsp4,1488,a,2764,0,2739,6,10,9,0
nsp4,1489,a,2770,0,2733,18,10,3,0
nsp4,1490,t,2777,0,2,17,1,2734,0
nsp4,1491,g,2764,0,43,5,2684,3,0
nsp4,1492,g,2765,0,33,3,2724,4,0
nsp4,1493,c,2773,0,7,2726,1,35,0
nsp4,1494,t,2782,0,7,20,10,2700,0
nsp4,1495,g,2765,0,5,12,2589,1,0
nsp4,1496,a,2625,0,2541,5,48,5,0
nsp4,1497,g,2769,0,21,1,2411,6,0
nsp4,1498,a,2757,0,2708,2,19,5,0
nsp4,1499,g,2762,0,38,1,2661,10,0
nsp4,1500,g,2762,0,18,1,2617,56,0
nsp4,1501,t,2695,0,12,5,5,2663,0
nsp4,1502,g,2776,0,46,1,2692,21,0
nsp4,1503,t,2773,0,30,47,1,2648,0
nsp4,1504,g,2748,0,178,11,2465,11,0
nsp4,1505,c,2694,0,36,2556,6,14,0
nsp4,1506,c,2673,0,7,1966,7,40,0
nsp4,1507,a,2067,0,1953,11,43,15,0
nsp4,1508,c,2754,0,26,2608,8,21,0
nsp4,1509,c,2750,0,84,2401,18,38,0
nsp4,1510,t,2547,0,10,118,8,2228,0
nsp4,1511,g,2645,0,51,85,2461,23,0
nsp4,1512,g,2752,0,54,18,2632,18,0
nsp4,1513,c,2742,0,49,2603,10,7,0
nsp4,1514,t,2748,0,13,37,7,2664,0
nsp4,1515,c,2773,0,6,2701,4,13,0
nsp4,1516,a,2766,0,2723,7,16,1,0
nsp4,1517,a,2762,0,2509,5,237,9,0
nsp4,1518,c,2773,0,0,2730,4,34,0
nsp4,1519,a,2777,0,2675,20,51,1,0
nsp4,1520,t,2758,0,0,37,4,2708,0
nsp4,1521,g,2774,0,42,3,2535,2,0
nsp4,1522,g,2722,0,38,18,2642,8,0
nsp4,1523,a,2765,0,2713,7,16,3,0
nsp4,1524,g,2782,0,45,4,2525,3,0
nsp4,1525,g,2776,0,14,2,2750,7,0
nsp4,1526,t,2776,0,6,12,3,2747,0
nsp4,1527,t,2776,0,4,4,7,2761,0
nsp4,1528,a,2780,0,2544,18,77,6,0
nsp4,1529,a,2774,0,2741,6,14,12,0
nsp4,1530,g,2779,0,16,3,2693,5,0
nsp4,1531,a,2781,0,2758,3,8,3,0
nsp4,1532,t,2775,0,1,5,3,2757,0
nsp4,1533,c,2772,0,5,2731,5,8,0
nsp4,1534,a,2773,0,2503,5,165,5,0
nsp4,1535,t,2764,0,77,24,112,2532,0
nsp4,1536,t,2770,0,10,30,8,2721,0
nsp4,1537,g,2782,0,28,9,2738,6,0
nsp4,1538,a,2783,0,2706,6,46,4,0
nsp4,1539,c,2773,0,3,2726,2,15,0
nsp4,1540,g,2760,0,68,39,2622,16,0
nsp4,1541,c,2774,0,29,2653,13,50,0
nsp4,1542,a,2765,0,2616,1,117,20,0
nsp4,1543,g,2778,0,80,1,2672,8,0
nsp4,1544,t,2779,0,12,16,2,2734,0
nsp4,1545,c,2768,0,2,2723,2,15,0
nsp4,1546,a,2769,0,2730,6,19,3,0
nsp4,1547,t,2777,0,17,5,3,2743,0
nsp4,1548,c,2776,0,4,2719,2,21,0
nsp4,1549,g,2754,0,41,5,2657,4,0
nsp4,1550,g,2744,0,55,5,2672,6,0
nsp4,1551,c,2760,0,25,2713,2,18,0
nsp4,1552,g,2766,0,6,3,2515,1,0
nsp4,1553,a,2568,0,2516,4,20,7,0
nsp4,1554,g,2746,0,15,3,1956,2,0
nsp4,1555,a,2616,0,2498,5,84,3,0
nsp4,1556,g,2636,0,100,13,2326,14,0
nsp4,1557,a,2768,0,2703,5,17,14,0
nsp4,1558,c,2758,0,15,2609,6,15,0
nsp4,1559,c,2710,0,22,2630,2,31,0
nsp4,1560,g,2693,0,95,2,2557,12,0
nsp4,1561,c,2772,0,39,2674,3,16,0
nsp4,1562,c,2772,0,13,2664,12,15,0
nsp4,1563,t,2707,0,27,48,11,2413,0
nsp4,1564,t,2599,0,16,94,21,2460,0
nsp4,1565,a,2717,0,2454,20,226,1,0
nsp4,1566,c,2744,0,1,2554,4,129,0
nsp4,1567,t,2715,0,12,22,11,2615,0
nsp4,1568,t,2714,0,24,23,46,2569,0
nsp4,1569,c,2718,0,9,2652,9,18,0
nsp4,1570,t,2773,0,14,23,17,2642,0
nsp4,1571,g,2766,0,51,17,2665,3,0
nsp4,1572,c,2759,0,12,2692,6,39,0
nsp4,1573,g,2779,0,249,3,2482,8,0
nsp4,1574,g,2762,0,34,2,2703,23,0
nsp4,1575,t,2764,0,8,9,1,2738,0
nsp4,1576,g,2776,0,58,8,2618,15,0
nsp4,1577,g,2777,0,15,2,2759,0,0
nsp4,1578,a,2777,0,2666,1,19,2,0
nsp4,1579,t,2777,0,3,4,2,2738,0
nsp4,1580,t,2776,0,1,70,0,2698,0
nsp4,1581,c,2772,0,3,2665,6,71,0
nsp4,1582,a,2778,0,2747,3,16,2,0
nsp4,1583,t,2781,0,3,2,0,2767,0
nsp4,1584,c,2774,0,6,2738,4,13,0
nsp4,1585,t,2779,0,6,23,7,2622,0
nsp4,1586,t,2757,0,7,19,18,2707,0
nsp4,1587,g,2766,0,89,24,2581,35,0
nsp4,1588,c,2764,0,21,2620,11,90,0
nsp4,1589,a,2762,0,2358,29,53,12,0
nsp4,1590,a,2763,0,2672,14,46,9,0
nsp4,1591,g,2758,0,39,5,2669,4,0
nsp4,1592,a,2780,0,2658,2,34,3,0
nsp4,1593,t,2762,0,1,31,55,2633,0
nsp4,1594,t,2772,0,3,68,0,2697,0
nsp4,1595,c,2776,0,10,2660,26,44,0
nsp4,1596,g,2781,0,470,3,2247,20,0
nsp4,1597,g,2778,0,33,7,2607,126,0
nsp4,1598,t,2774,0,9,35,1,2716,0
nsp4,1599,t,2770,0,5,18,1,2744,0
nsp4,1600,a,2775,0,2682,7,51,9,0
nsp4,1601,c,2767,0,5,2671,2,16,0
nsp4,1602,c,2762,0,8,2667,2,39,0
nsp4,1603,t,2730,0,6,13,6,2668,0
nsp4,1604,c,2775,0,5,2605,4,12,0
nsp4,1605,c,2731,0,1,2609,10,29,0
nsp4,1606,a,2663,0,2516,31,56,6,0
nsp4,1607,c,2774,0,5,2648,7,103,0
nsp4,1608,a,2771,0,2562,4,179,15,0
nsp4,1609,g,2772,0,12,0,2707,3,0
nsp4,1610,c,2737,0,7,2707,1,14,0
nsp4,1611,g,2756,0,30,1,2630,9,0
nsp4,1612,t,2694,0,40,94,4,2544,0
nsp4,1613,g,2764,0,60,3,2681,2,0
nsp4,1614,t,2754,0,19,19,2,2696,0
nsp4,1615,c,2757,0,9,2540,15,15,0
nsp4,1616,g,2620,0,26,1,2559,11,0
nsp4,1617,c,2761,0,21,2707,0,26,0
nsp4,1618,g,2770,0,39,4,2646,10,0
nsp4,1619,t,2709,0,4,19,6,2675,0
nsp4,1620,g,2766,0,149,6,2547,2,0
nsp4,1621,g,2729,0,15,11,2697,1,0
nsp4,1622,c,2732,0,19,2679,4,26,0
nsp4,1623,g,2774,0,49,0,2690,8,0
nsp4,1624,g,2775,0,12,0,2759,1,0
nsp4,1625,a,2773,0,2741,2,10,5,0
nsp4,1626,c,2763,0,15,2157,6,16,0
nsp4,1627,c,2554,0,10,2484,29,24,0
nsp4,1628,c,2712,0,9,2633,17,29,0
nsp4,1629,c,2728,0,54,2491,23,82,0
nsp4,1630,t,2662,0,165,56,27,2322,0
nsp4,1631,t,2693,0,57,69,38,2524,0
nsp4,1632,g,2765,0,52,9,2663,18,0
nsp4,1633,a,2754,0,2103,14,33,0,0
nsp4,1634,a,2722,0,2656,6,20,7,0
nsp4,1635,a,2714,0,2671,8,25,3,0
nsp4,1636,a,2734,0,2643,9,57,6,0
nsp4,1637,g,2719,0,55,6,2604,2,0
nsp4,1638,g,2768,0,30,6,2726,3,0
nsp4,1639,c,2773,0,5,2747,0,19,0
nsp4,1640,t,2777,0,7,20,5,2718,0
nsp4,1641,g,2768,0,35,2,2719,5,0
nsp4,1642,t,2768,0,4,48,12,2637,0
nsp4,1643,t,2762,0,5,8,4,2744,0
nsp4,1644,t,2771,0,4,25,16,2697,0
nsp4,1645,a,2746,0,2449,31,53,11,0
nsp4,1646,a,2622,0,2509,11,86,10,0
nsp4,1647,g,2769,0,31,1,2706,5,0
nsp4,1648,t,2762,0,10,143,5,2593,0
nsp4,1649,t,2759,0,2,10,3,2732,0
nsp4,1650,g,2755,0,190,7,2454,8,0
nsp4,1651,g,2732,0,81,2,2627,12,0
nsp4,1652,g,2748,0,87,9,2612,37,0
nsp4,1653,t,2765,0,31,95,9,2619,0
nsp4,1654,a,2770,0,2677,20,21,6,0
nsp4,1655,a,2767,0,2731,9,22,2,0
nsp4,1656,a,2768,0,2615,6,123,9,0
nsp4,1657,c,2758,0,15,2641,22,16,0
nsp4,1658,c,2756,0,15,2680,4,54,0
nsp4,1659,g,2758,0,59,8,2666,5,0
nsp4,1660,c,2768,0,19,2683,2,16,0
nsp4,1661,t,2735,0,6,18,2,2610,0
nsp4,1662,c,2769,0,8,2519,3,21,0
nsp4,1663,c,2738,0,10,2668,10,47,0
nsp4,1664,c,2769,0,18,2706,22,20,0
nsp4,1665,a,2770,0,2684,6,43,23,0
nsp4,1666,g,2773,0,50,2,2670,11,0
nsp4,1667,c,2765,0,13,2682,12,24,0
nsp4,1668,c,2775,0,22,2692,4,51,0
nsp4,1669,g,2769,0,30,0,2730,0,0
nsp4,1670,a,2770,0,2727,1,31,8,0
nsp4,1671,c,2778,0,1,2734,0,37,0
nsp4,1672,g,2776,0,17,3,2735,8,0
nsp4,1673,a,2770,0,2726,4,15,10,0
nsp4,1674,t,2773,0,9,6,2,2750,0
nsp4,1675,g,2778,0,76,7,2663,4,0
nsp4,1676,a,2772,0,2683,4,63,3,0
nsp4,1677,g,2772,0,71,10,2627,6,0
nsp4,1678,c,2769,0,20,2699,14,29,0
nsp4,1679,a,2774,0,2589,17,25,6,0
nsp4,1680,a,2772,0,2710,6,51,4,0
nsp4,1681,g,2774,0,24,7,2721,3,0
nsp4,1682,a,2773,0,2715,2,33,6,0
nsp4,1683,c,2765,0,5,2719,4,33,0
nsp4,1684,g,2776,0,35,4,2613,4,0
nsp4,1685,a,2676,0,2558,14,20,3,0
nsp4,1686,a,2762,0,2680,4,41,2,0
nsp4,1687,g,2739,0,21,4,2690,5,0
nsp4,1688,a,2771,0,2692,13,45,5,0
nsp4,1689,c,2766,0,4,2687,10,39,0
nsp4,1690,a,2771,0,2539,9,15,41,0
nsp4,1691,g,2754,0,10,1,2732,0,0
nsp4,1692,a,2767,0,2641,5,24,4,0
nsp4,1693,a,2753,0,2707,2,24,4,0
nsp4,1694,g,2760,0,14,3,2724,1,0
nsp4,1695,a,2770,0,2608,8,94,2,0
nsp4,1696,c,2737,0,17,2309,6,16,0
nsp4,1697,g,2397,0,43,3,2321,8,0
nsp4,1698,c,2759,0,15,2715,2,13,0
nsp4,1699,g,2756,0,31,6,2656,25,0
nsp4,1700,c,2761,0,26,2688,2,20,0
nsp4,1701,t,2749,0,6,7,5,2654,0
nsp4,1702,c,2775,0,10,2734,1,6,0
nsp4,1703,t,2763,0,15,18,0,2660,0
nsp4,1704,g,2751,0,93,7,2590,9,0
nsp4,1705,c,2766,0,35,2685,4,17,0
nsp4,1706,t,2766,0,10,46,5,2659,0
nsp4,1707,a,2763,0,2671,4,54,3,0
nsp4,1708,g,2774,0,27,2,2741,1,0
nsp4,1709,a,2778,0,2727,2,36,5,0
nsp4,1710,t,2773,0,7,9,5,2744,0
nsp4,1711,g,2776,0,17,5,2731,7,0
nsp4,1712,a,2774,0,2683,1,20,4,0
nsp4,1713,a,2750,0,2728,5,11,3,0
nsp4,1714,a,2768,0,2690,4,64,9,0
nsp4,1715,c,2770,0,3,2715,13,35,0
nsp4,1716,a,2775,0,2444,8,9,15,0
nsp4,1717,a,2743,0,2722,7,7,1,0
nsp4,1718,a,2770,0,2737,2,22,1,0
nsp4,1719,g,2762,0,28,1,2685,1,0
nsp4,1720,g,2761,0,9,4,2738,3,0
nsp4,1721,c,2756,0,10,2737,3,6,0
nsp4,1722,g,2775,0,20,2,2711,6,0
nsp4,1723,t,2741,0,3,20,6,2701,0
nsp4,1724,g,2765,0,46,2,2698,1,0
nsp4,1725,g,2772,0,11,3,2741,15,0
nsp4,1726,t,2773,0,5,25,5,2696,0
nsp4,1727,t,2769,0,3,6,1,2758,0
nsp4,1728,t,2772,0,3,23,10,2718,0
nsp4,1729,a,2758,0,2544,13,46,51,0
nsp4,1730,g,2751,0,91,9,2512,9,0
nsp4,1731,a,2735,0,2487,9,19,10,0
nsp4,1732,g,2734,0,30,2,2596,33,0
nsp4,1733,t,2769,0,14,38,13,2691,0
nsp4,1734,a,2774,0,2519,15,177,11,0
nsp4,1735,g,2770,0,109,1,2603,8,0
nsp4,1736,g,2769,0,43,3,2613,98,0
nsp4,1737,t,2764,0,16,36,3,2681,0
nsp4,1738,a,2751,0,2677,21,35,1,0
nsp4,1739,t,2769,0,6,42,12,2708,0
nsp4,1740,a,2772,0,2667,14,34,9,0
nsp4,1741,a,2746,0,2632,30,63,16,0
nsp4,1742,c,2749,0,1,2645,19,49,0
nsp4,1743,a,2752,0,2537,33,114,37,0
nsp4,1744,g,2754,0,94,7,2627,7,0
nsp4,1745,a,2777,0,2716,9,15,11,0
nsp4,1746,c,2761,0,5,2711,4,27,0
nsp4,1747,a,2776,0,2697,3,41,11,0
nsp4,1748,c,2776,0,9,2579,31,21,0
nsp4,1749,c,2706,0,15,2628,12,36,0
nsp4,1750,t,2695,0,89,28,11,2509,0
nsp4,1751,t,2756,0,8,38,13,2685,0
nsp4,1752,a,2760,0,2610,14,75,5,0
nsp4,1753,g,2759,0,32,18,2678,13,0
nsp4,1754,c,2755,0,16,2679,12,19,0
nsp4,1755,a,2765,0,2579,2,136,16,0
nsp4,1756,g,2761,0,76,1,2569,66,0
nsp4,1757,t,2743,0,6,13,2,2711,0
nsp4,1758,g,2771,0,73,1,2657,11,0
nsp4,1759,g,2769,0,34,5,2700,22,0
nsp4,1760,c,2765,0,24,2622,10,41,0
nsp4,1761,c,2769,0,50,2610,9,72,0
nsp4,1762,g,2750,0,43,4,2577,71,0
nsp4,1763,t,2735,0,12,22,9,2675,0
nsp4,1764,g,2771,0,155,7,2547,8,0
nsp4,1765,g,2759,0,31,8,2703,8,0
nsp4,1766,c,2756,0,9,2708,2,33,0
nsp4,1767,a,2770,0,2695,10,17,20,0
nsp4,1768,a,2769,0,2240,9,477,18,0
nsp4,1769,c,2752,0,18,2697,6,3,0
nsp4,1770,t,2771,0,2,21,4,2718,0
nsp4,1771,c,2775,0,5,2710,8,10,0
nsp4,1772,g,2772,0,106,0,2642,3,0
nsp4,1773,g,2775,0,21,7,2722,20,0
nsp4,1774,t,2772,0,18,69,2,2651,0
nsp4,1775,a,2748,0,2665,6,70,1,0
nsp4,1776,t,2773,0,20,27,22,2694,0
nsp4,1777,g,2771,0,173,14,2463,4,0
nsp4,1778,a,2699,0,2412,3,227,10,0
nsp4,1779,g,2776,0,94,2,2560,9,0
nsp4,1780,g,2765,0,24,3,2665,68,0
nsp4,1781,t,2764,0,6,42,19,2672,0
nsp4,1782,a,2768,0,2208,3,439,33,0
nsp4,1783,g,2767,0,391,6,2347,6,0
nsp4,1784,a,2771,0,2652,3,39,20,0
nsp4,1785,c,2741,0,5,2667,6,52,0
nsp4,1786,a,2762,0,2733,4,2,8,0
nsp4,1787,a,2769,0,2678,9,67,8,0
nsp4,1788,c,2765,0,1,2659,10,81,0
nsp4,1789,a,2758,0,2716,11,13,9,0
nsp4,1790,t,2758,0,5,7,0,2731,0
nsp4,1791,c,2770,0,9,2473,3,11,0
nsp4,1792,a,2527,0,2422,8,32,12,0
nsp4,1793,c,2748,0,3,2639,32,43,0
nsp4,1794,a,2738,0,2679,1,22,23,0
nsp4,1795,c,2751,0,4,2626,3,63,0
nsp4,1796,c,2767,0,4,2729,3,24,0
nsp4,1797,t,2762,0,8,44,6,2617,0
nsp4,1798,g,2764,0,62,13,2685,2,0
nsp4,1799,t,2774,0,9,4,0,2748,0
nsp4,1800,c,2769,0,7,2680,1,9,0
nsp4,1801,c,2764,0,16,2727,1,3,0
nsp4,1802,t,2751,0,18,93,5,2614,0
nsp4,1803,g,2755,0,48,9,2677,4,0
nsp4,1804,c,2769,0,15,2576,5,148,0
nsp4,1805,t,2773,0,7,17,0,2726,0
nsp4,1806,g,2768,0,63,1,2676,10,0
nsp4,1807,g,2763,0,49,0,2701,2,0
nsp4,1808,c,2757,0,6,2539,66,93,0
nsp4,1809,a,2738,0,2584,1,48,3,0
nsp4,1810,t,2729,0,16,25,131,2541,0
nsp4,1811,t,2762,0,26,17,13,2703,0
nsp4,1812,g,2773,0,30,19,2638,6,0
nsp4,1813,a,2720,0,2623,2,60,10,0
nsp4,1814,g,2774,0,20,3,2738,5,0
nsp4,1815,a,2775,0,2669,5,36,0,0
nsp4,1816,a,2758,0,2713,3,42,0,0
nsp4,1817,c,2772,0,5,2751,2,8,0
nsp4,1818,t,2771,0,1,18,2,2052,0
nsp4,1819,t,2632,0,1,13,2,2616,0
nsp4,1820,t,2754,0,2,13,2,2735,0
nsp4,1821,t,2767,0,6,17,31,2689,0
nsp4,1822,g,2750,0,28,30,2665,3,0
nsp4,1823,c,2734,0,5,2594,5,6,0
nsp4,1824,c,2703,0,8,2651,5,36,0
nsp4,1825,c,2733,0,15,2655,9,47,0
nsp4,1826,a,2747,0,2646,6,30,34,0
nsp4,1827,g,2768,0,15,3,2722,3,0
nsp4,1828,a,2771,0,2563,3,23,3,0
nsp4,1829,g,2770,0,22,3,2701,5,0
nsp4,1830,c,2764,0,9,2704,15,23,0
nsp4,1831,a,2759,0,1545,20,21,5,0
nsp4,1832,a,2588,0,2539,0,38,6,0
nsp4,1833,a,2721,0,2677,3,28,2,0
nsp4,1834,a,2750,0,2724,2,18,1,0
nsp4,1835,g,2751,0,52,2,2661,1,0
nsp4,1836,a,2758,0,2383,8,73,0,0
nsp4,1837,g,2754,0,35,4,2664,6,0
nsp4,1838,c,2762,0,6,2708,4,20,0
nsp4,1839,a,2758,0,2668,6,55,5,0
nsp4,1840,t,2757,0,5,24,20,2585,0
nsp4,1841,t,2738,0,8,12,7,2710,0
nsp4,1842,t,2756,0,8,32,6,2697,0
nsp4,1843,c,2758,0,12,2665,7,16,0
nsp4,1844,a,2746,0,2596,27,13,14,0
nsp4,1845,a,2708,0,2639,11,18,35,0
nsp4,1846,g,2759,0,274,7,2355,11,0
nsp4,1847,c,2728,0,53,2586,4,28,0
nsp4,1848,c,2758,0,19,2662,3,64,0
nsp4,1849,a,2760,0,2738,2,12,3,0
nsp4,1850,t,2767,0,6,9,0,2735,0
nsp4,1851,c,2770,0,3,2731,6,5,0
nsp4,1852,a,2759,0,2538,7,36,7,0
nsp4,1853,g,2617,0,3,6,2490,4,0
nsp4,1854,a,2580,0,2537,0,11,3,0
nsp4,1855,g,2592,0,10,0,1099,5,0
nsp4,1856,g,2224,0,35,5,2157,6,0
nsp4,1857,g,2711,0,18,1,2675,4,0
nsp4,1858,g,2733,0,19,0,2696,3,0
nsp4,1859,a,2726,0,2682,1,3,0,0
nsp4,1860,a,2757,0,2738,1,7,4,0
nsp4,1861,a,2758,0,2707,9,27,7,0
nsp4,1862,t,2758,0,7,21,5,2716,0
nsp4,1863,a,2774,0,2560,21,12,2,0
nsp4,1864,a,2675,0,2636,21,12,2,0
nsp4,1865,a,2764,0,2707,20,9,5,0
nsp4,1866,g,2743,0,307,9,2233,4,0
nsp4,1867,c,2760,0,12,2627,11,32,0
nsp4,1868,a,2772,0,2715,11,9,18,0
nsp4,1869,t,2768,0,8,20,8,2586,0
nsp4,1870,c,2657,0,10,2595,4,23,0
nsp4,1871,t,2761,0,6,9,1,2717,0
nsp4,1872,c,2756,0,6,2679,3,21,0
nsp4,1873,t,2742,0,11,13,5,2620,0
nsp4,1874,a,2751,0,2592,7,77,16,0
nsp4,1875,c,2715,0,7,2582,13,72,0
nsp4,1876,g,2741,0,294,0,2381,29,0
nsp4,1877,g,2727,0,36,5,2613,69,0
nsp4,1878,t,2740,0,17,9,3,2706,0
nsp4,1879,g,2770,0,38,1,2682,7,0
nsp4,1880,g,2764,0,108,1,2631,23,0
nsp4,1881,t,2768,0,21,2,3,2737,0
nsp4,1882,c,2764,0,9,2275,2,49,0
nsp4,1883,c,2763,0,41,2674,0,20,0
nsp4,1884,t,2746,0,19,121,2,2520,0
nsp4,1885,a,2740,0,2578,64,7,6,0
nsp4,1886,a,2762,0,2741,5,13,1,0
nsp4,1887,a,2767,0,2722,4,30,10,0
nsp4,1888,t,2770,0,7,51,3,2709,0
nsp4,1889,a,2773,0,2752,4,12,1,0
nsp4,1890,g,2774,0,23,1,2729,11,0
nsp4,1891,t,2774,0,3,4,2,2762,0
nsp4,1892,c,2773,0,5,2755,3,4,0
nsp4,1893,a,2768,0,2740,5,20,0,0
nsp4,1894,g,2771,0,91,4,2658,4,0
nsp4,1895,c,2765,0,3,2725,1,30,0
nsp4,1896,a,2768,0,2698,11,30,3,0
nsp4,1897,t,2759,0,3,40,8,2690,0
nsp4,1898,a,2765,0,2579,15,141,3,0
nsp4,1899,g,2761,0,72,4,2518,140,0
nsp4,1900,t,2760,0,15,50,9,2649,0
nsp4,1901,a,2745,0,2493,12,140,15,0
nsp4,1902,c,2690,0,16,2566,23,38,0
nsp4,1903,a,2718,0,2521,13,98,14,0
nsp4,1904,t,2697,0,65,87,44,2265,0
nsp4,1905,t,2609,0,52,80,10,2463,0
nsp4,1906,t,2671,0,85,63,18,2487,0
nsp4,1907,c,2736,0,75,2596,10,19,0
nsp4,1908,a,2766,0,2707,5,34,4,0
nsp4,1909,t,2760,0,23,19,2,2680,0
nsp4,1910,c,2750,0,42,2669,15,7,0
nsp4,1911,t,2761,0,48,49,7,2537,0
nsp4,1912,g,2743,0,16,9,2708,6,0
nsp4,1913,a,2764,0,2658,9,62,5,0
nsp4,1914,c,2764,0,11,2675,2,44,0
nsp4,1915,t,2767,0,3,50,1,2654,0
nsp4,1916,a,2761,0,2731,5,2,2,0
nsp4,1917,a,2760,0,2711,17,6,21,0
nsp4,1918,t,2760,0,1,28,2,2724,0
nsp4,1919,a,2757,0,2423,1,286,4,0
nsp4,1920,c,2720,0,10,2627,12,5,0
nsp4,1921,c,2715,0,24,2624,1,53,0
nsp4,1922,a,2692,0,2642,4,29,1,0
nsp4,1923,c,2699,0,1,2663,0,34,0
nsp4,1924,a,2666,0,2652,1,3,4,0
nsp4,1925,a,2646,0,2479,32,134,1,0
nsp4,1926,c,2638,0,0,2619,0,19,0
nsp4,1927,a,2580,0,2561,1,15,0,0
nsp4,1928,c,2531,0,5,2523,2,1,0
nsp4,1929,c,2470,0,0,2458,0,12,0
nsp4,1930,a,2370,0,2370,0,0,0,0
nsp4,1931,c,2264,0,0,2264,0,0,0
nsp4,1932,c,2172,0,0,2172,0,0,0
